"","CODIGO","Frutos","Productividad","IFW","date","Treatment","Island","Species"
"1",1720,1,0.103,0.103,2018-09-02,"Control","Santa Cruz","Solanum lycopersicum"
"2",3100,1,0.132,0.132,2017-10-13,"Control","Santa Cruz","Capsicum annuum"
"3",4667,2,0.27,0.135,2016-10-11,"Groasis","Floreana","Solanum lycopersicum"
"4",4995,46,5.854,0.127260869565217,2016-11-08,"Groasis","Santa Cruz","Solanum lycopersicum"
"5",4996,54,6.429,0.119055555555556,2016-11-08,"Groasis","Santa Cruz","Solanum lycopersicum"
"6",4997,42,4.785,0.113928571428571,2016-10-17,"Groasis","Santa Cruz","Solanum lycopersicum"
"7",4998,54,5.903,0.109314814814815,2016-11-08,"Groasis","Santa Cruz","Solanum lycopersicum"
"8",4999,41,4.292,0.104682926829268,2016-11-08,"Groasis","Santa Cruz","Solanum lycopersicum"
"9",5000,47,4.973,0.105808510638298,2016-11-08,"Groasis","Santa Cruz","Solanum lycopersicum"
"10",5001,35,3.452,0.0986285714285714,2016-09-16,"Groasis","Santa Cruz","Solanum lycopersicum"
"11",5002,33,3.602,0.109151515151515,2016-11-08,"Groasis","Santa Cruz","Solanum lycopersicum"
"12",5003,36,3.348,0.093,2016-11-08,"Groasis","Santa Cruz","Solanum lycopersicum"
"13",5004,42,4.531,0.107880952380952,2016-10-17,"Groasis","Santa Cruz","Solanum lycopersicum"
"14",5005,45,5.409,0.1202,2016-11-08,"Groasis","Santa Cruz","Solanum lycopersicum"
"15",5006,62,6.851,0.1105,2016-10-17,"Groasis","Santa Cruz","Solanum lycopersicum"
"16",5007,22,2.56,0.116363636363636,2016-08-25,"Groasis","Santa Cruz","Solanum lycopersicum"
"17",5008,33,4.003,0.12130303030303,2016-10-17,"Groasis","Santa Cruz","Solanum lycopersicum"
"18",5009,53,6.186,0.116716981132075,2016-11-08,"Groasis","Santa Cruz","Solanum lycopersicum"
"19",5010,57,7.119,0.124894736842105,2016-11-08,"Groasis","Santa Cruz","Solanum lycopersicum"
"20",5011,58,8.48,0.146206896551724,2016-10-17,"Groasis","Santa Cruz","Solanum lycopersicum"
"21",5012,35,3.63,0.103714285714286,2016-10-17,"Groasis","Santa Cruz","Solanum lycopersicum"
"22",5013,49,6.278,0.128122448979592,2016-10-17,"Groasis","Santa Cruz","Solanum lycopersicum"
"23",5014,10,0.941,0.0941,2016-10-17,"Groasis","Santa Cruz","Solanum lycopersicum"
"24",5015,61,2.636,0.0432131147540984,2016-10-17,"Control","Santa Cruz","Solanum lycopersicum"
"25",5016,58,2.536,0.0437241379310345,2016-10-17,"Control","Santa Cruz","Solanum lycopersicum"
"26",5017,69,2.956,0.0428405797101449,2016-11-08,"Control","Santa Cruz","Solanum lycopersicum"
"27",5018,63,2.721,0.0431904761904762,2016-10-17,"Control","Santa Cruz","Solanum lycopersicum"
"28",5019,57,2.473,0.0433859649122807,2016-11-08,"Control","Santa Cruz","Solanum lycopersicum"
"29",5020,32,3.862,0.1206875,2017-01-17,"Groasis","Santa Cruz","Solanum lycopersicum"
"30",5021,36,3.818,0.106055555555556,2017-01-17,"Groasis","Santa Cruz","Solanum lycopersicum"
"31",5022,45,5.201,0.115577777777778,2017-01-17,"Groasis","Santa Cruz","Solanum lycopersicum"
"32",5023,16,1.788,0.11175,2016-10-17,"Groasis","Santa Cruz","Solanum lycopersicum"
"33",5024,49,5.521,0.112673469387755,2017-01-17,"Groasis","Santa Cruz","Solanum lycopersicum"
"34",5025,32,4.084,0.127625,2017-01-17,"Groasis","Santa Cruz","Solanum lycopersicum"
"35",5026,26,2.879,0.110730769230769,2016-11-08,"Groasis","Santa Cruz","Capsicum annuum"
"36",5027,18,2.027,0.112611111111111,2016-11-08,"Groasis","Santa Cruz","Capsicum annuum"
"37",5028,7,0.748,0.106857142857143,2017-01-17,"Groasis","Santa Cruz","Capsicum annuum"
"38",5029,16,1.796,0.11225,2017-01-17,"Groasis","Santa Cruz","Capsicum annuum"
"39",5030,16,1.44,0.09,2017-01-17,"Groasis","Santa Cruz","Capsicum annuum"
"40",5031,10,1.017,0.1017,2017-01-17,"Groasis","Santa Cruz","Capsicum annuum"
"41",5032,8,0.8,0.1,2017-01-17,"Groasis","Santa Cruz","Capsicum annuum"
"42",5033,7,0.751,0.107285714285714,2016-09-09,"Groasis","Santa Cruz","Capsicum annuum"
"43",5034,7,0.252,0.036,2017-01-17,"Groasis","Santa Cruz","Capsicum annuum"
"44",5035,10,0.831,0.0831,2017-01-17,"Groasis","Santa Cruz","Capsicum annuum"
"45",5036,4,0.46,0.115,2016-08-25,"Groasis","Santa Cruz","Capsicum annuum"
"46",5037,9,0.803,0.0892222222222222,2017-01-17,"Groasis","Santa Cruz","Capsicum annuum"
"47",5038,4,0.333,0.08325,2017-01-17,"Groasis","Santa Cruz","Capsicum annuum"
"48",5039,4,0.417,0.10425,2016-09-16,"Groasis","Santa Cruz","Capsicum annuum"
"49",5040,9,1.379,0.153222222222222,2016-10-17,"Groasis","Santa Cruz","Capsicum annuum"
"50",5041,2,0.082,0.041,2017-01-17,"Groasis","Santa Cruz","Capsicum annuum"
"51",5042,4,0.508,0.127,2016-11-08,"Groasis","Santa Cruz","Capsicum annuum"
"52",5043,10,1.135,0.1135,2016-09-20,"Groasis","Santa Cruz","Capsicum annuum"
"53",5044,13,1.391,0.107,2017-01-17,"Groasis","Santa Cruz","Capsicum annuum"
"54",5045,18,1.507,0.0837222222222222,2017-01-17,"Groasis","Santa Cruz","Capsicum annuum"
"55",5046,14,0.939,0.0670714285714286,2017-01-17,"Groasis","Santa Cruz","Capsicum annuum"
"56",5047,32,2.726,0.0851875,2017-01-17,"Groasis","Santa Cruz","Capsicum annuum"
"57",5048,30,2.377,0.0792333333333333,2017-01-17,"Groasis","Santa Cruz","Capsicum annuum"
"58",5049,17,1.504,0.0884705882352941,2017-01-17,"Groasis","Santa Cruz","Capsicum annuum"
"59",5050,16,1.003,0.0626875,2017-01-17,"Control","Santa Cruz","Capsicum annuum"
"60",5050,16,1.003,0.0626875,2017-01-17,"Groasis","Santa Cruz","Capsicum annuum"
"61",5051,20,1.323,0.06615,2017-01-17,"Control","Santa Cruz","Capsicum annuum"
"62",5051,20,1.323,0.06615,2017-01-17,"Groasis","Santa Cruz","Capsicum annuum"
"63",5053,27,1.704,0.0631111111111111,2016-09-22,"Control","Santa Cruz","Solanum lycopersicum"
"64",5055,30,1.742,0.0580666666666667,2016-11-08,"Control","Santa Cruz","Capsicum annuum"
"65",5198,2,0.089,0.0445,2016-09-20,"Control","Santa Cruz","Solanum lycopersicum"
"66",5200,1,0.042,0.042,2016-09-20,"Control","Santa Cruz","Solanum lycopersicum"
"67",5201,2,0.083,0.0415,2016-09-20,"Control","Santa Cruz","Solanum lycopersicum"
"68",5202,3,0.128,0.0426666666666667,2016-09-20,"Control","Santa Cruz","Solanum lycopersicum"
"69",5203,4,0.899,0.22475,2016-09-20,"Groasis","Santa Cruz","Solanum lycopersicum"
"70",5204,5,0.922,0.1844,2016-09-20,"Groasis","Santa Cruz","Solanum lycopersicum"
"71",5205,10,1.765,0.1765,2016-09-20,"Groasis","Santa Cruz","Solanum lycopersicum"
"72",5206,7,1.504,0.214857142857143,2016-09-20,"Groasis","Santa Cruz","Solanum lycopersicum"
"73",5207,6,1.101,0.1835,2016-09-20,"Groasis","Santa Cruz","Solanum lycopersicum"
"74",5208,10,1.92,0.192,2016-09-20,"Groasis","Santa Cruz","Solanum lycopersicum"
"75",5209,14,2.324,0.166,2016-09-20,"Groasis","Santa Cruz","Solanum lycopersicum"
"76",5210,10,1.969,0.1969,2016-09-20,"Groasis","Santa Cruz","Solanum lycopersicum"
"77",5211,10,1.968,0.1968,2016-09-20,"Groasis","Santa Cruz","Solanum lycopersicum"
"78",5212,8,1.488,0.186,2016-09-20,"Groasis","Santa Cruz","Solanum lycopersicum"
"79",5213,10,1.642,0.1642,2016-09-20,"Groasis","Santa Cruz","Solanum lycopersicum"
"80",5214,5,0.606,0.1212,2016-09-20,"Groasis","Santa Cruz","Solanum lycopersicum"
"81",5215,12,2.219,0.184916666666667,2016-09-20,"Groasis","Santa Cruz","Solanum lycopersicum"
"82",5216,9,1.503,0.167,2016-09-20,"Groasis","Santa Cruz","Solanum lycopersicum"
"83",5217,9,1.107,0.123,2016-09-20,"Groasis","Santa Cruz","Solanum lycopersicum"
"84",5218,14,2.259,0.161357142857143,2016-09-20,"Groasis","Santa Cruz","Solanum lycopersicum"
"85",5219,7,1.172,0.167428571428571,2016-09-20,"Groasis","Santa Cruz","Solanum lycopersicum"
"86",5220,9,1.314,0.146,2016-09-20,"Groasis","Santa Cruz","Solanum lycopersicum"
"87",5221,7,1.019,0.145571428571429,2016-09-20,"Groasis","Santa Cruz","Solanum lycopersicum"
"88",5222,5,0.89,0.178,2016-09-20,"Groasis","Santa Cruz","Solanum lycopersicum"
"89",5373,3,0.318,0.106,2016-04-12,"Groasis","Floreana","Solanum lycopersicum"
"90",5374,9,0.919,0.102111111111111,2016-10-11,"Groasis","Floreana","Solanum lycopersicum"
"91",5375,2,0.188,0.094,2016-04-12,"Groasis","Floreana","Solanum lycopersicum"
"92",5377,2,0.19,0.095,2016-10-11,"Groasis","Floreana","Solanum lycopersicum"
"93",5378,9,0.88,0.0977777777777778,2016-10-11,"Groasis","Floreana","Solanum lycopersicum"
"94",5379,4,0.436,0.109,2016-10-11,"Groasis","Floreana","Solanum lycopersicum"
"95",5383,10,1.141,0.1141,2016-10-11,"Groasis","Floreana","Solanum lycopersicum"
"96",5387,3,0.301,0.100333333333333,2016-10-11,"Groasis","Floreana","Solanum lycopersicum"
"97",5389,4,0.434,0.1085,2016-04-12,"Groasis","Floreana","Solanum lycopersicum"
"98",5390,3,0.323,0.107666666666667,2016-10-11,"Groasis","Floreana","Solanum lycopersicum"
"99",5391,1,0.043,0.043,2016-10-11,"Groasis","Floreana","Solanum lycopersicum"
"100",5392,2,0.149,0.0745,2016-10-11,"Groasis","Floreana","Solanum lycopersicum"
"101",5393,7,0.301,0.043,2016-10-11,"Control","Floreana","Solanum lycopersicum"
"102",5397,8,0.358,0.04475,2016-10-11,"Control","Floreana","Solanum lycopersicum"
"103",5398,1,0.198,0.198,2016-10-11,"Groasis","Floreana","Cucumis sativus"
"104",5399,3,0.49,0.163333333333333,2016-10-11,"Groasis","Floreana","Cucumis sativus"
"105",5402,2,0.427,0.2135,2016-10-11,"Groasis","Floreana","Cucumis sativus"
"106",5404,1,0.229,0.229,2016-10-11,"Groasis","Floreana","Cucumis sativus"
"107",5408,1,0.152,0.152,2016-10-11,"Groasis","Floreana","Cucumis sativus"
"108",5410,1,0.142,0.142,2016-10-11,"Groasis","Floreana","Cucumis sativus"
"109",5411,1,0.13,0.13,2016-10-11,"Groasis","Floreana","Cucumis sativus"
"110",5412,1,0.252,0.252,2016-10-11,"Groasis","Floreana","Cucumis sativus"
"111",5415,1,0.123,0.123,2016-10-11,"Groasis","Floreana","Cucumis sativus"
"112",5417,2,0.146,0.073,2016-10-11,"Control","Floreana","Cucumis sativus"
"113",5418,4,0.221,0.05525,2016-10-11,"Control","Floreana","Cucumis sativus"
"114",5419,2,0.101,0.0505,2016-10-11,"Control","Floreana","Cucumis sativus"
"115",5420,6,0.282,0.047,2016-10-11,"Control","Floreana","Cucumis sativus"
"116",5421,3,0.106,0.0353333333333333,2016-10-11,"Control","Floreana","Cucumis sativus"
"117",5422,2,0.105,0.0525,2016-10-11,"Control","Floreana","Cucumis sativus"
"118",6016,4,0.403,0.10075,2017-07-21,"Groasis","Santa Cruz","Capsicum annuum"
"119",6031,61,3.4,0.0557377049180328,2016-10-17,"Control","Santa Cruz","Solanum lycopersicum"
"120",6032,58,3.342,0.0576206896551724,2016-10-17,"Control","Santa Cruz","Solanum lycopersicum"
"121",6033,69,3.647,0.0528550724637681,2016-11-08,"Control","Santa Cruz","Solanum lycopersicum"
"122",6034,63,3.271,0.0519206349206349,2016-10-17,"Control","Santa Cruz","Solanum lycopersicum"
"123",6035,57,3.083,0.0540877192982456,2016-11-08,"Control","Santa Cruz","Solanum lycopersicum"
"124",6036,10,0.534,0.0534,2016-09-22,"Control","Santa Cruz","Capsicum annuum"
"125",6037,12,0.722,0.0601666666666667,2016-09-20,"Control","Santa Cruz","Capsicum annuum"
"126",6038,27,1.747,0.0647037037037037,2016-09-22,"Control","Santa Cruz","Capsicum annuum"
"127",6039,30,1.877,0.0625666666666667,2016-11-08,"Control","Santa Cruz","Capsicum annuum"
"128",6040,2,0.101,0.0505,2016-09-20,"Control","Santa Cruz","Solanum lycopersicum"
"129",6041,1,0.069,0.069,2016-09-20,"Control","Santa Cruz","Solanum lycopersicum"
"130",6042,5,0.28,0.056,2016-09-20,"Control","Santa Cruz","Solanum lycopersicum"
"131",6069,22,2.405,0.109318181818182,2017-10-13,"Groasis","Santa Cruz","Capsicum annuum"
"132",6070,27,2.706,0.100222222222222,2017-09-22,"Groasis","Santa Cruz","Capsicum annuum"
"133",6071,8,0.701,0.087625,2017-10-13,"Groasis","Santa Cruz","Capsicum annuum"
"134",6072,20,1.9846,0.09923,2017-09-22,"Groasis","Santa Cruz","Capsicum annuum"
"135",6073,10,1.112,0.1112,2017-08-18,"Groasis","Santa Cruz","Capsicum annuum"
"136",6074,44,3.903,0.0887045454545455,2017-10-13,"Groasis","Santa Cruz","Capsicum annuum"
"137",6075,32,3.539,0.11059375,2017-10-13,"Groasis","Santa Cruz","Capsicum annuum"
"138",6076,16,1.699,0.1061875,2017-10-13,"Groasis","Santa Cruz","Capsicum annuum"
"139",6077,38,4.059,0.106815789473684,2017-09-22,"Groasis","Santa Cruz","Capsicum annuum"
"140",6078,2,0.16,0.08,2017-05-24,"Groasis","Santa Cruz","Capsicum annuum"
"141",6079,9,1.631,0.181222222222222,2017-09-22,"Groasis","Santa Cruz","Capsicum annuum"
"142",6080,23,2.169,0.094304347826087,2017-10-13,"Groasis","Santa Cruz","Capsicum annuum"
"143",6081,9,0.814,0.0904444444444444,2017-09-22,"Groasis","Santa Cruz","Capsicum annuum"
"144",6082,47,4.892,0.104085106382979,2017-10-13,"Groasis","Santa Cruz","Capsicum annuum"
"145",6086,61,6.8756,0.112714754098361,2017-10-13,"Control","Santa Cruz","Capsicum annuum"
"146",6088,43,4.876,0.113395348837209,2017-09-22,"Control","Santa Cruz","Capsicum annuum"
"147",6089,33,3.733,0.113121212121212,2017-10-13,"Control","Santa Cruz","Capsicum annuum"
"148",6090,38,4.173,0.109815789473684,2017-10-13,"Control","Santa Cruz","Capsicum annuum"
"149",6090,38,4.173,0.109815789473684,2017-10-13,"Groasis","Santa Cruz","Capsicum annuum"
"150",6091,28,3.087,0.11025,2017-10-13,"Control","Santa Cruz","Capsicum annuum"
"151",6092,45,4.584,0.101866666666667,2017-09-22,"Control","Santa Cruz","Capsicum annuum"
"152",6093,28,2.824,0.100857142857143,2017-09-22,"Control","Santa Cruz","Capsicum annuum"
"153",6094,38,4.699,0.123657894736842,2017-09-22,"Control","Santa Cruz","Capsicum annuum"
"154",6095,32,3.272,0.10225,2017-09-22,"Control","Santa Cruz","Capsicum annuum"
"155",6096,40,4.147,0.103675,2017-09-22,"Control","Santa Cruz","Capsicum annuum"
"156",6097,45,4.365,0.097,2017-09-22,"Control","Santa Cruz","Capsicum annuum"
"157",6098,34,4.233,0.1245,2017-10-13,"Control","Santa Cruz","Capsicum annuum"
"158",6099,34,3.968,0.116705882352941,2017-10-13,"Control","Santa Cruz","Capsicum annuum"
"159",6100,49,5.219,0.106510204081633,2017-10-13,"Control","Santa Cruz","Capsicum annuum"
"160",6101,44,5.02,0.114090909090909,2017-10-13,"Control","Santa Cruz","Capsicum annuum"
"161",6103,37,4.186,0.113135135135135,2017-09-22,"Control","Santa Cruz","Capsicum annuum"
"162",6104,48,5.935,0.123645833333333,2017-10-13,"Control","Santa Cruz","Capsicum annuum"
"163",6109,6,0.747,0.1245,2017-07-07,"Groasis","Santa Cruz","Capsicum annuum"
"164",6110,6,0.614,0.102333333333333,2017-06-16,"Groasis","Santa Cruz","Capsicum annuum"
"165",6111,6,0.816,0.136,2017-07-07,"Groasis","Santa Cruz","Capsicum annuum"
"166",6115,6,0.585,0.0975,2017-05-24,"Groasis","Santa Cruz","Capsicum annuum"
"167",6116,5,0.492,0.0984,2017-06-16,"Groasis","Santa Cruz","Capsicum annuum"
"168",6136,10,1.108,0.1108,2017-06-16,"Control","Santa Cruz","Capsicum annuum"
"169",6141,3,0.29,0.0966666666666667,2017-05-24,"Control","Santa Cruz","Capsicum annuum"
"170",7070,35,5.065,0.144714285714286,2018-12-02,"Groasis","Santa Cruz","Solanum lycopersicum"
"171",7071,19,3.674,0.193368421052632,2018-09-02,"Groasis","Santa Cruz","Solanum lycopersicum"
"172",7072,28,3.965,0.141607142857143,2018-09-02,"Groasis","Santa Cruz","Solanum lycopersicum"
"173",7073,27,3.743,0.13862962962963,2018-09-02,"Groasis","Santa Cruz","Solanum lycopersicum"
"174",7074,26,3.592,0.138153846153846,2018-09-02,"Groasis","Santa Cruz","Solanum lycopersicum"
"175",7075,11,1.411,0.128272727272727,2018-09-02,"Groasis","Santa Cruz","Solanum lycopersicum"
"176",7076,29,4.966,0.171241379310345,2018-12-02,"Groasis","Santa Cruz","Solanum lycopersicum"
"177",7077,14,2.008,0.143428571428571,2018-09-02,"Groasis","Santa Cruz","Solanum lycopersicum"
"178",7078,12,2.666,0.222166666666667,2018-12-02,"Groasis","Santa Cruz","Solanum lycopersicum"
"179",7079,17,2.709,0.159352941176471,2018-09-02,"Groasis","Santa Cruz","Solanum lycopersicum"
"180",7080,13,2.412,0.185538461538462,2018-01-29,"Groasis","Santa Cruz","Solanum lycopersicum"
"181",7081,18,3.445,0.191388888888889,2018-02-15,"Groasis","Santa Cruz","Solanum lycopersicum"
"182",7082,15,3.096,0.2064,2018-09-02,"Groasis","Santa Cruz","Solanum lycopersicum"
"183",7083,27,3.773,0.139740740740741,2018-12-02,"Groasis","Santa Cruz","Solanum lycopersicum"
"184",7084,19,3.37,0.177368421052632,2018-12-02,"Groasis","Santa Cruz","Solanum lycopersicum"
"185",7085,17,2.84,0.167058823529412,2018-09-02,"Groasis","Santa Cruz","Solanum lycopersicum"
"186",7086,20,3.403,0.17015,2018-12-02,"Groasis","Santa Cruz","Solanum lycopersicum"
"187",7087,22,3.424,0.155636363636364,2018-09-02,"Groasis","Santa Cruz","Solanum lycopersicum"
"188",7088,30,5.162,0.172066666666667,2018-12-02,"Groasis","Santa Cruz","Solanum lycopersicum"
"189",7089,16,2.987,0.1866875,2018-02-15,"Groasis","Santa Cruz","Solanum lycopersicum"
"190",7090,24,3.531,0.147125,2018-12-02,"Groasis","Santa Cruz","Solanum lycopersicum"
"191",7091,17,3.227,0.189823529411765,2018-09-02,"Groasis","Santa Cruz","Solanum lycopersicum"
"192",7092,17,3.231,0.190058823529412,2018-12-02,"Groasis","Santa Cruz","Solanum lycopersicum"
"193",7093,23,4.035,0.175434782608696,2018-09-02,"Hidrogel","Santa Cruz","Solanum lycopersicum"
"194",7093,23,4.035,0.175434782608696,2018-09-02,"Groasis","Santa Cruz","Solanum lycopersicum"
"195",7094,20,3.671,0.18355,2018-02-15,"Hidrogel","Santa Cruz","Solanum lycopersicum"
"196",7095,16,2.393,0.1495625,2018-12-02,"Hidrogel","Santa Cruz","Solanum lycopersicum"
"197",7096,27,4.714,0.174592592592593,2018-09-02,"Hidrogel","Santa Cruz","Solanum lycopersicum"
"198",7097,23,4.218,0.183391304347826,2018-12-02,"Hidrogel","Santa Cruz","Solanum lycopersicum"
"199",7097,23,4.218,0.183391304347826,2018-12-02,"Control","Santa Cruz","Solanum lycopersicum"
"200",7098,23,3.696,0.160695652173913,2018-12-02,"Hidrogel","Santa Cruz","Solanum lycopersicum"
"201",7099,27,3.996,0.148,2018-09-02,"Hidrogel","Santa Cruz","Solanum lycopersicum"
"202",7100,19,3.352,0.176421052631579,2018-12-02,"Hidrogel","Santa Cruz","Solanum lycopersicum"
"203",7101,29,4.503,0.155275862068966,2018-12-02,"Hidrogel","Santa Cruz","Solanum lycopersicum"
"204",7102,21,1.952,0.092952380952381,2018-12-02,"Hidrogel","Santa Cruz","Solanum lycopersicum"
"205",7103,33,3.187,0.0965757575757576,2018-12-02,"Control","Santa Cruz","Solanum lycopersicum"
"206",7103,33,3.187,0.0965757575757576,2018-12-02,"Hidrogel","Santa Cruz","Solanum lycopersicum"
"207",7104,36,3.942,0.1095,2018-09-02,"Control","Santa Cruz","Solanum lycopersicum"
"208",7105,29,3.718,0.128206896551724,2018-12-02,"Control","Santa Cruz","Solanum lycopersicum"
"209",7106,26,2.767,0.106423076923077,2018-09-02,"Control","Santa Cruz","Solanum lycopersicum"
"210",7107,21,2.142,0.102,2018-12-02,"Control","Santa Cruz","Solanum lycopersicum"
"211",7108,20,2.282,0.1141,2018-09-02,"Control","Santa Cruz","Solanum lycopersicum"
"212",7109,22,3.624,0.164727272727273,2018-09-02,"Control","Santa Cruz","Solanum lycopersicum"
"213",7110,21,2.493,0.118714285714286,2018-12-02,"Control","Santa Cruz","Solanum lycopersicum"
"214",7111,32,3.786,0.1183125,2018-09-02,"Control","Santa Cruz","Solanum lycopersicum"
"215",7112,31,4.078,0.131548387096774,2018-12-02,"Control","Santa Cruz","Solanum lycopersicum"
"216",7113,31,3.115,0.100483870967742,2018-12-02,"Control","Santa Cruz","Solanum lycopersicum"
"217",7114,22,2.348,0.106727272727273,2018-09-02,"Control","Santa Cruz","Solanum lycopersicum"
"218",7114,22,2.348,0.106727272727273,2018-09-02,"Hidrogel","Santa Cruz","Solanum lycopersicum"
"219",7115,22,1.769,0.0804090909090909,2018-12-02,"Control","Santa Cruz","Solanum lycopersicum"
"220",7116,15,1.645,0.109666666666667,2018-12-02,"Control","Santa Cruz","Solanum lycopersicum"
"221",7117,24,1.986,0.08275,2018-12-02,"Control","Santa Cruz","Solanum lycopersicum"
"222",7118,24,2.463,0.102625,2018-12-02,"Control","Santa Cruz","Solanum lycopersicum"
"223",7118,24,2.463,0.102625,2018-12-02,"Hidrogel","Santa Cruz","Solanum lycopersicum"
"224",7119,28,2.002,0.0715,2018-12-02,"Hidrogel","Santa Cruz","Solanum lycopersicum"
"225",7119,28,2.002,0.0715,2018-12-02,"Control","Santa Cruz","Solanum lycopersicum"
"226",7120,21,1.917,0.0912857142857143,2018-09-02,"Control","Santa Cruz","Solanum lycopersicum"
"227",7120,21,1.917,0.0912857142857143,2018-09-02,"Hidrogel","Santa Cruz","Solanum lycopersicum"
"228",7121,19,1.765,0.0928947368421053,2018-12-02,"Hidrogel","Santa Cruz","Solanum lycopersicum"
"229",7121,19,1.765,0.0928947368421053,2018-12-02,"Control","Santa Cruz","Solanum lycopersicum"
"230",7122,41,5.429,0.132414634146341,2018-12-02,"Control","Santa Cruz","Solanum lycopersicum"
"231",7122,41,5.429,0.132414634146341,2018-12-02,"Hidrogel","Santa Cruz","Solanum lycopersicum"
"232",7123,24,2.299,0.0957916666666667,2018-12-02,"Control","Santa Cruz","Solanum lycopersicum"
"233",7173,1,0.095,0.095,2018-02-15,"Control","Santa Cruz","Solanum lycopersicum"
"234",7197,33,3.316,0.100484848484848,2018-09-03,"Groasis","Santa Cruz","Capsicum annuum"
"235",7197,33,3.316,0.100484848484848,2018-09-03,"Hidrogel","Santa Cruz","Capsicum annuum"
"236",7198,17,1.678,0.0987058823529412,2018-09-03,"Groasis","Santa Cruz","Capsicum annuum"
"237",7199,17,1.645,0.0967647058823529,2018-09-03,"Groasis","Santa Cruz","Capsicum annuum"
"238",7200,11,0.959,0.0871818181818182,2018-09-03,"Groasis","Santa Cruz","Capsicum annuum"
"239",7201,24,2.263,0.0942916666666667,2018-09-03,"Groasis","Santa Cruz","Capsicum annuum"
"240",7202,5,0.524,0.1048,2018-12-02,"Groasis","Santa Cruz","Solanum lycopersicum"
"241",7203,17,1.474,0.0867058823529412,2018-09-03,"Groasis","Santa Cruz","Capsicum annuum"
"242",7204,18,1.372,0.0762222222222222,2018-09-03,"Groasis","Santa Cruz","Capsicum annuum"
"243",7205,15,1.391,0.0927333333333333,2018-09-03,"Groasis","Santa Cruz","Capsicum annuum"
"244",7206,34,2.824,0.0830588235294118,2018-09-03,"Groasis","Santa Cruz","Capsicum annuum"
"245",7207,16,1.266,0.079125,2018-09-03,"Groasis","Santa Cruz","Capsicum annuum"
"246",7208,10,0.82,0.082,2018-09-03,"Groasis","Santa Cruz","Capsicum annuum"
"247",7209,36,3.403,0.0945277777777778,2018-09-03,"Groasis","Santa Cruz","Capsicum annuum"
"248",7210,5,0.452,0.0904,2018-09-03,"Groasis","Santa Cruz","Capsicum annuum"
"249",7211,31,2.877,0.0928064516129032,2018-09-03,"Groasis","Santa Cruz","Capsicum annuum"
"250",7212,19,1.683,0.088578947368421,2018-09-03,"Groasis","Santa Cruz","Capsicum annuum"
"251",7213,21,1.945,0.0926190476190476,2018-09-02,"Groasis","Santa Cruz","Capsicum annuum"
"252",7214,16,1.166,0.072875,2018-04-20,"Groasis","Santa Cruz","Capsicum annuum"
"253",7215,21,1.983,0.0944285714285714,2018-09-03,"Groasis","Santa Cruz","Capsicum annuum"
"254",7216,21,1.886,0.0898095238095238,2018-09-03,"Groasis","Santa Cruz","Capsicum annuum"
"255",7217,49,4.699,0.0958979591836735,2018-09-03,"Hidrogel","Santa Cruz","Capsicum annuum"
"256",7218,50,4.82,0.0964,2018-09-03,"Hidrogel","Santa Cruz","Capsicum annuum"
"257",7219,32,4.261,0.13315625,2018-09-03,"Hidrogel","Santa Cruz","Capsicum annuum"
"258",7220,52,4.697,0.0903269230769231,2018-09-03,"Hidrogel","Santa Cruz","Capsicum annuum"
"259",7221,46,4.213,0.0915869565217391,2018-09-03,"Hidrogel","Santa Cruz","Capsicum annuum"
"260",7222,46,4.165,0.0905434782608696,2018-09-03,"Hidrogel","Santa Cruz","Capsicum annuum"
"261",7223,49,4.293,0.0876122448979592,2018-09-03,"Hidrogel","Santa Cruz","Capsicum annuum"
"262",7224,63,6.081,0.0965238095238095,2018-09-03,"Hidrogel","Santa Cruz","Capsicum annuum"
"263",7225,50,4.533,0.09066,2018-09-03,"Hidrogel","Santa Cruz","Capsicum annuum"
"264",7226,44,4.312,0.098,2018-09-03,"Hidrogel","Santa Cruz","Capsicum annuum"
"265",7227,39,3.972,0.101846153846154,2018-09-03,"Control","Santa Cruz","Capsicum annuum"
"266",7227,39,3.972,0.101846153846154,2018-09-03,"Hidrogel","Santa Cruz","Capsicum annuum"
"267",7228,18,1.947,0.108166666666667,2018-09-03,"Control","Santa Cruz","Capsicum annuum"
"268",7228,18,1.947,0.108166666666667,2018-09-03,"Hidrogel","Santa Cruz","Capsicum annuum"
"269",7229,53,5.606,0.10577358490566,2018-09-03,"Control","Santa Cruz","Capsicum annuum"
"270",7229,53,5.606,0.10577358490566,2018-09-03,"Hidrogel","Santa Cruz","Capsicum annuum"
"271",7230,27,3.279,0.121444444444444,2018-09-03,"Control","Santa Cruz","Capsicum annuum"
"272",7230,27,3.279,0.121444444444444,2018-09-03,"Hidrogel","Santa Cruz","Capsicum annuum"
"273",7231,30,3.453,0.1151,2018-09-03,"Control","Santa Cruz","Capsicum annuum"
"274",7231,30,3.453,0.1151,2018-09-03,"Hidrogel","Santa Cruz","Capsicum annuum"
"275",7232,22,2.433,0.110590909090909,2018-09-03,"Control","Santa Cruz","Capsicum annuum"
"276",7232,22,2.433,0.110590909090909,2018-09-03,"Hidrogel","Santa Cruz","Capsicum annuum"
"277",7233,39,4.644,0.119076923076923,2018-09-03,"Control","Santa Cruz","Capsicum annuum"
"278",7233,39,4.644,0.119076923076923,2018-09-03,"Hidrogel","Santa Cruz","Capsicum annuum"
"279",7234,32,3.203,0.10009375,2018-09-03,"Control","Santa Cruz","Capsicum annuum"
"280",7234,32,3.203,0.10009375,2018-09-03,"Hidrogel","Santa Cruz","Capsicum annuum"
"281",7235,30,3.208,0.106933333333333,2018-09-03,"Control","Santa Cruz","Capsicum annuum"
"282",7235,30,3.208,0.106933333333333,2018-09-03,"Hidrogel","Santa Cruz","Capsicum annuum"
"283",7236,47,4.907,0.104404255319149,2018-09-03,"Control","Santa Cruz","Capsicum annuum"
"284",7236,47,4.907,0.104404255319149,2018-09-03,"Hidrogel","Santa Cruz","Capsicum annuum"
"285",7237,26,3.006,0.115615384615385,2018-09-03,"Control","Santa Cruz","Capsicum annuum"
"286",7237,26,3.006,0.115615384615385,2018-09-03,"Hidrogel","Santa Cruz","Capsicum annuum"
"287",7238,42,4.612,0.109809523809524,2018-09-03,"Control","Santa Cruz","Capsicum annuum"
"288",7238,42,4.612,0.109809523809524,2018-09-03,"Hidrogel","Santa Cruz","Capsicum annuum"
"289",7239,25,2.861,0.11444,2018-09-03,"Control","Santa Cruz","Capsicum annuum"
"290",7239,25,2.861,0.11444,2018-09-03,"Hidrogel","Santa Cruz","Capsicum annuum"
"291",7240,39,4.701,0.120538461538462,2018-09-03,"Control","Santa Cruz","Capsicum annuum"
"292",7240,39,4.701,0.120538461538462,2018-09-03,"Hidrogel","Santa Cruz","Capsicum annuum"
"293",7241,35,4.285,0.122428571428571,2018-09-03,"Control","Santa Cruz","Capsicum annuum"
"294",7241,35,4.285,0.122428571428571,2018-09-03,"Hidrogel","Santa Cruz","Capsicum annuum"
"295",7242,52,5.276,0.101461538461538,2018-09-03,"Control","Santa Cruz","Capsicum annuum"
"296",7242,52,5.276,0.101461538461538,2018-09-03,"Hidrogel","Santa Cruz","Capsicum annuum"
"297",7243,39,3.852,0.0987692307692308,2018-09-03,"Control","Santa Cruz","Capsicum annuum"
"298",7243,39,3.852,0.0987692307692308,2018-09-03,"Hidrogel","Santa Cruz","Capsicum annuum"
"299",7244,33,3.176,0.0962424242424242,2018-09-02,"Control","Santa Cruz","Capsicum annuum"
"300",7244,33,3.176,0.0962424242424242,2018-09-02,"Hidrogel","Santa Cruz","Capsicum annuum"
"301",7245,15,1.369,0.0912666666666667,2018-09-03,"Control","Santa Cruz","Capsicum annuum"
"302",7245,15,1.369,0.0912666666666667,2018-09-03,"Hidrogel","Santa Cruz","Capsicum annuum"
"303",7247,1,0.484,0.484,2018-12-02,"Hidrogel","Santa Cruz","Brassica oleracea"
"304",7249,1,0.228,0.228,2018-12-02,"Hidrogel","Santa Cruz","Brassica oleracea"
"305",7250,1,0.435,0.435,2018-01-29,"Hidrogel","Santa Cruz","Brassica oleracea"
"306",7252,1,0.378,0.378,2018-09-02,"Hidrogel","Santa Cruz","Brassica oleracea"
"307",7253,1,0.37,0.37,2018-09-02,"Hidrogel","Santa Cruz","Brassica oleracea"
"308",7258,1,0.59,0.59,2018-02-05,"Hidrogel","Santa Cruz","Brassica oleracea"
"309",7260,1,0.532,0.532,2018-01-29,"Hidrogel","Santa Cruz","Brassica oleracea"
"310",7261,1,0.785,0.785,2018-09-02,"Hidrogel","Santa Cruz","Brassica oleracea"
"311",7263,1,0.726,0.726,2018-12-02,"Hidrogel","Santa Cruz","Brassica oleracea"
"312",7264,1,0.343,0.343,2018-12-02,"Hidrogel","Santa Cruz","Brassica oleracea"
"313",7265,1,0.714,0.714,2018-01-29,"Hidrogel","Santa Cruz","Brassica oleracea"
"314",7266,1,0.663,0.663,2018-01-26,"Hidrogel","Santa Cruz","Brassica oleracea"
"315",7267,1,0.375,0.375,2018-12-02,"Hidrogel","Santa Cruz","Brassica oleracea"
"316",7270,1,0.493,0.493,2018-01-29,"Hidrogel","Santa Cruz","Brassica oleracea"
"317",7272,1,0.496,0.496,2018-02-05,"Hidrogel","Santa Cruz","Brassica oleracea"
"318",7273,1,0.611,0.611,2018-02-05,"Hidrogel","Santa Cruz","Brassica oleracea"
"319",7274,1,0.533,0.533,2018-02-05,"Hidrogel","Santa Cruz","Brassica oleracea"
"320",7275,1,0.334,0.334,2018-02-05,"Hidrogel","Santa Cruz","Brassica oleracea"
"321",7276,1,0.36,0.36,2018-02-15,"Hidrogel","Santa Cruz","Brassica oleracea"
"322",7277,1,0.566,0.566,2018-09-02,"Hidrogel","Santa Cruz","Brassica oleracea"
"323",7278,1,0.499,0.499,2018-12-02,"Hidrogel","Santa Cruz","Brassica oleracea"
"324",7280,1,0.49,0.49,2018-12-02,"Hidrogel","Santa Cruz","Brassica oleracea"
"325",7281,1,0.63,0.63,2018-01-29,"Hidrogel","Santa Cruz","Brassica oleracea"
"326",7282,1,0.621,0.621,2018-09-02,"Hidrogel","Santa Cruz","Brassica oleracea"
"327",7284,1,0.655,0.655,2018-02-05,"Hidrogel","Santa Cruz","Brassica oleracea"
"328",7286,1,0.8,0.8,2018-01-29,"Hidrogel","Santa Cruz","Brassica oleracea"
"329",7287,1,0.266,0.266,2018-02-15,"Hidrogel","Santa Cruz","Brassica oleracea"
"330",7289,1,0.532,0.532,2018-09-02,"Hidrogel","Santa Cruz","Brassica oleracea"
"331",7290,1,0.435,0.435,2018-01-29,"Hidrogel","Santa Cruz","Brassica oleracea"
"332",7291,1,0.447,0.447,2018-12-02,"Hidrogel","Santa Cruz","Brassica oleracea"
"333",7292,1,0.21,0.21,2018-02-15,"Hidrogel","Santa Cruz","Brassica oleracea"
"334",7293,1,0.59,0.59,2018-02-05,"Hidrogel","Santa Cruz","Brassica oleracea"
"335",7294,1,0.334,0.334,2018-12-02,"Hidrogel","Santa Cruz","Brassica oleracea"
"336",7295,1,0.4,0.4,2018-02-15,"Hidrogel","Santa Cruz","Brassica oleracea"
"337",7296,1,0.334,0.334,2018-12-02,"Hidrogel","Santa Cruz","Brassica oleracea"
"338",7298,1,0.553,0.553,2018-09-02,"Hidrogel","Santa Cruz","Brassica oleracea"
"339",7300,1,0.394,0.394,2018-09-02,"Hidrogel","Santa Cruz","Brassica oleracea"
"340",7301,1,0.529,0.529,2018-02-15,"Hidrogel","Santa Cruz","Brassica oleracea"
"341",7305,1,0.099,0.099,2018-01-29,"Hidrogel","Santa Cruz","Brassica oleracea"
"342",7306,1,0.088,0.088,2018-04-06,"Hidrogel","Santa Cruz","Brassica oleracea"
"343",7307,1,0.4,0.4,2018-02-15,"Hidrogel","Santa Cruz","Brassica oleracea"
"344",7308,1,0.4,0.4,2018-09-02,"Hidrogel","Santa Cruz","Brassica oleracea"
"345",7309,1,0.21,0.21,2018-09-02,"Hidrogel","Santa Cruz","Brassica oleracea"
"346",7310,1,0.28,0.28,2018-12-02,"Hidrogel","Santa Cruz","Brassica oleracea"
"347",7311,1,0.344,0.344,2018-12-02,"Hidrogel","Santa Cruz","Brassica oleracea"
"348",7312,1,0.319,0.319,2018-09-02,"Hidrogel","Santa Cruz","Brassica oleracea"
"349",7313,1,0.167,0.167,2018-09-02,"Hidrogel","Santa Cruz","Brassica oleracea"
"350",7314,1,0.279,0.279,2018-12-02,"Control","Santa Cruz","Brassica oleracea"
"351",7315,1,0.826,0.826,2018-09-02,"Hidrogel","Santa Cruz","Brassica oleracea"
"352",7316,1,0.539,0.539,2018-01-29,"Hidrogel","Santa Cruz","Brassica oleracea"
"353",7317,1,0.324,0.324,2018-09-02,"Hidrogel","Santa Cruz","Brassica oleracea"
"354",7320,1,0.575,0.575,2018-01-26,"Hidrogel","Santa Cruz","Brassica oleracea"
"355",7321,1,0.099,0.099,2018-02-15,"Hidrogel","Santa Cruz","Brassica oleracea"
"356",7323,1,0.578,0.578,2018-01-29,"Hidrogel","Santa Cruz","Brassica oleracea"
"357",7324,1,0.607,0.607,2018-04-06,"Hidrogel","Santa Cruz","Brassica oleracea"
"358",7325,1,0.465,0.465,2018-01-29,"Hidrogel","Santa Cruz","Brassica oleracea"
"359",7326,1,0.25,0.25,2018-12-02,"Hidrogel","Santa Cruz","Brassica oleracea"
"360",7327,1,0.308,0.308,2018-02-05,"Control","Santa Cruz","Brassica oleracea"
"361",7328,1,0.246,0.246,2018-09-02,"Hidrogel","Santa Cruz","Brassica oleracea"
"362",7330,1,0.542,0.542,2018-02-15,"Hidrogel","Santa Cruz","Brassica oleracea"
"363",7331,1,0.483,0.483,2018-09-02,"Control","Santa Cruz","Brassica oleracea"
"364",7332,1,0.496,0.496,2018-02-05,"Control","Santa Cruz","Brassica oleracea"
"365",7333,1,0.41,0.41,2018-12-02,"Control","Santa Cruz","Brassica oleracea"
"366",7334,1,0.711,0.711,2018-02-05,"Control","Santa Cruz","Brassica oleracea"
"367",7335,1,0.266,0.266,2018-09-02,"Control","Santa Cruz","Brassica oleracea"
"368",7336,1,0.38,0.38,2018-12-02,"Control","Santa Cruz","Brassica oleracea"
"369",7337,1,0.641,0.641,2018-01-29,"Control","Santa Cruz","Brassica oleracea"
"370",7338,1,0.22,0.22,2018-12-02,"Control","Santa Cruz","Brassica oleracea"
"371",7339,1,0.287,0.287,2018-09-02,"Control","Santa Cruz","Brassica oleracea"
"372",7342,1,0.565,0.565,2018-01-26,"Control","Santa Cruz","Brassica oleracea"
"373",7345,1,0.593,0.593,2018-02-05,"Control","Santa Cruz","Brassica oleracea"
"374",7347,1,0.545,0.545,2018-02-05,"Control","Santa Cruz","Brassica oleracea"
"375",7348,1,0.22,0.22,2018-09-02,"Control","Santa Cruz","Brassica oleracea"
"376",7352,1,0.777,0.777,2018-09-02,"Control","Santa Cruz","Brassica oleracea"
"377",7354,1,0.607,0.607,2018-02-15,"Control","Santa Cruz","Brassica oleracea"
"378",7363,1,0.372,0.372,2018-09-02,"Control","Santa Cruz","Brassica oleracea"
"379",7364,1,0.285,0.285,2018-02-05,"Control","Santa Cruz","Brassica oleracea"
"380",7367,1,0.495,0.495,2018-02-05,"Control","Santa Cruz","Brassica oleracea"
"381",7368,1,0.672,0.672,2018-01-29,"Control","Santa Cruz","Brassica oleracea"
"382",7373,1,0.713,0.713,2018-01-29,"Control","Santa Cruz","Brassica oleracea"
"383",7376,1,0.303,0.303,2018-02-05,"Control","Santa Cruz","Brassica oleracea"
"384",7382,1,0.47,0.47,2018-02-05,"Control","Santa Cruz","Brassica oleracea"
"385",7385,1,0.777,0.777,2018-01-29,"Control","Santa Cruz","Brassica oleracea"
"386",7386,1,0.81,0.81,2018-01-29,"Control","Santa Cruz","Brassica oleracea"
"387",7387,1,0.577,0.577,2018-01-29,"Control","Santa Cruz","Brassica oleracea"
"388",7389,1,0.099,0.099,2018-02-15,"Control","Santa Cruz","Brassica oleracea"
"389",7394,1,0.442,0.442,2018-09-02,"Control","Santa Cruz","Brassica oleracea"
"390",7396,1,0.432,0.432,2018-02-15,"Control","Santa Cruz","Brassica oleracea"
"391",7401,1,0.386,0.386,2018-02-05,"Control","Santa Cruz","Brassica oleracea"
"392",7404,1,0.342,0.342,2018-12-02,"Control","Santa Cruz","Brassica oleracea"
"393",7405,1,0.432,0.432,2018-09-02,"Control","Santa Cruz","Brassica oleracea"
"394",7406,1,0.214,0.214,2018-12-02,"Control","Santa Cruz","Brassica oleracea"
"395",7411,5,0.547,0.1094,2018-03-23,"Hidrogel","Santa Cruz","Solanum lycopersicum"
"396",7413,1,0.074,0.074,2018-04-13,"Hidrogel","Santa Cruz","Solanum lycopersicum"
"397",7414,8,2.012,0.2515,2018-09-02,"Hidrogel","Santa Cruz","Solanum lycopersicum"
"398",7415,1,0.186,0.186,2018-03-19,"Hidrogel","Santa Cruz","Solanum lycopersicum"
"399",7416,15,2.529,0.1686,2018-12-02,"Hidrogel","Santa Cruz","Solanum lycopersicum"
"400",7417,1,0.128,0.128,2018-03-23,"Hidrogel","Santa Cruz","Solanum lycopersicum"
"401",7418,8,1.553,0.194125,2018-09-02,"Hidrogel","Santa Cruz","Solanum lycopersicum"
"402",7419,3,0.762,0.254,2018-09-03,"Hidrogel","Santa Cruz","Solanum lycopersicum"
"403",7420,11,1.572,0.142909090909091,2018-09-03,"Hidrogel","Santa Cruz","Solanum lycopersicum"
"404",7421,3,0.328,0.109333333333333,2018-04-13,"Hidrogel","Santa Cruz","Solanum lycopersicum"
"405",7423,20,3.106,0.1553,2018-09-03,"Hidrogel","Santa Cruz","Solanum lycopersicum"
"406",7424,3,0.367,0.122333333333333,2018-03-23,"Hidrogel","Santa Cruz","Solanum lycopersicum"
"407",7426,22,4.253,0.193318181818182,2018-09-03,"Hidrogel","Santa Cruz","Solanum lycopersicum"
"408",7427,20,3.575,0.17875,2018-12-02,"Hidrogel","Santa Cruz","Solanum lycopersicum"
"409",7428,16,3.676,0.22975,2018-12-02,"Hidrogel","Santa Cruz","Solanum lycopersicum"
"410",7429,4,0.488,0.122,2018-04-13,"Hidrogel","Santa Cruz","Solanum lycopersicum"
"411",7430,17,2.88,0.169411764705882,2018-12-02,"Hidrogel","Santa Cruz","Solanum lycopersicum"
"412",7431,11,1.533,0.139363636363636,2018-09-03,"Hidrogel","Santa Cruz","Solanum lycopersicum"
"413",7432,14,2.4,0.171428571428571,2018-04-06,"Hidrogel","Santa Cruz","Solanum lycopersicum"
"414",7433,22,4.243,0.192863636363636,2018-12-02,"Hidrogel","Santa Cruz","Solanum lycopersicum"
"415",7434,5,0.915,0.183,2018-09-03,"Hidrogel","Santa Cruz","Solanum lycopersicum"
"416",7435,14,1.973,0.140928571428571,2018-09-03,"Hidrogel","Santa Cruz","Solanum lycopersicum"
"417",7436,6,1.103,0.183833333333333,2018-04-06,"Hidrogel","Santa Cruz","Solanum lycopersicum"
"418",7437,6,1.173,0.1955,2018-03-19,"Hidrogel","Santa Cruz","Solanum lycopersicum"
"419",7438,5,1.04,0.208,2018-09-02,"Hidrogel","Santa Cruz","Solanum lycopersicum"
"420",7439,1,0.17,0.17,2018-03-19,"Hidrogel","Santa Cruz","Solanum lycopersicum"
"421",7440,19,3.234,0.170210526315789,2018-04-13,"Hidrogel","Santa Cruz","Solanum lycopersicum"
"422",7441,4,0.75,0.1875,2018-12-02,"Hidrogel","Santa Cruz","Solanum lycopersicum"
"423",7442,15,2.876,0.191733333333333,2018-12-02,"Hidrogel","Santa Cruz","Solanum lycopersicum"
"424",7443,6,0.866,0.144333333333333,2018-03-23,"Hidrogel","Santa Cruz","Solanum lycopersicum"
"425",7444,5,0.714,0.1428,2018-04-13,"Hidrogel","Santa Cruz","Solanum lycopersicum"
"426",7445,7,0.664,0.0948571428571429,2018-12-02,"Hidrogel","Santa Cruz","Solanum lycopersicum"
"427",7446,4,1.003,0.25075,2018-12-02,"Hidrogel","Santa Cruz","Solanum lycopersicum"
"428",7447,24,3.424,0.142666666666667,2018-09-03,"Hidrogel","Santa Cruz","Solanum lycopersicum"
"429",7448,3,0.387,0.129,2018-02-03,"Hidrogel","Santa Cruz","Solanum lycopersicum"
"430",7449,33,5.84,0.176969696969697,2018-12-02,"Hidrogel","Santa Cruz","Solanum lycopersicum"
"431",7450,2,0.347,0.1735,2018-03-19,"Hidrogel","Santa Cruz","Solanum lycopersicum"
"432",7451,23,3.902,0.169652173913043,2018-09-03,"Hidrogel","Santa Cruz","Solanum lycopersicum"
"433",7452,3,0.489,0.163,2018-04-13,"Hidrogel","Santa Cruz","Solanum lycopersicum"
"434",7453,17,3.246,0.190941176470588,2018-09-03,"Hidrogel","Santa Cruz","Solanum lycopersicum"
"435",7455,19,3.642,0.191684210526316,2018-09-03,"Hidrogel","Santa Cruz","Solanum lycopersicum"
"436",7456,15,3.527,0.235133333333333,2018-09-03,"Hidrogel","Santa Cruz","Solanum lycopersicum"
"437",7457,1,0.176,0.176,2018-09-02,"Hidrogel","Santa Cruz","Solanum lycopersicum"
"438",7458,15,2.77,0.184666666666667,2018-09-03,"Hidrogel","Santa Cruz","Solanum lycopersicum"
"439",7459,2,0.54,0.27,2018-04-13,"Hidrogel","Santa Cruz","Solanum lycopersicum"
"440",7460,7,1.891,0.270142857142857,2018-12-02,"Hidrogel","Santa Cruz","Solanum lycopersicum"
"441",7461,15,2.266,0.151066666666667,2018-09-03,"Hidrogel","Santa Cruz","Solanum lycopersicum"
"442",7462,4,0.612,0.153,2018-03-19,"Hidrogel","Santa Cruz","Solanum lycopersicum"
"443",7463,12,2.665,0.222083333333333,2018-09-03,"Hidrogel","Santa Cruz","Solanum lycopersicum"
"444",7464,13,2.348,0.180615384615385,2018-12-02,"Control","Santa Cruz","Solanum lycopersicum"
"445",7465,3,0.594,0.198,2018-02-23,"Control","Santa Cruz","Solanum lycopersicum"
"446",7466,12,2.391,0.19925,2018-09-02,"Control","Santa Cruz","Solanum lycopersicum"
"447",7467,10,1.996,0.1996,2018-09-02,"Control","Santa Cruz","Solanum lycopersicum"
"448",7468,8,2.12,0.265,2018-09-03,"Control","Santa Cruz","Solanum lycopersicum"
"449",7470,2,0.505,0.2525,2018-03-19,"Control","Santa Cruz","Solanum lycopersicum"
"450",7472,17,2.712,0.159529411764706,2018-12-02,"Control","Santa Cruz","Solanum lycopersicum"
"451",7473,8,1.071,0.133875,2018-04-13,"Control","Santa Cruz","Solanum lycopersicum"
"452",7474,19,4.08,0.214736842105263,2018-09-03,"Control","Santa Cruz","Solanum lycopersicum"
"453",7476,19,3.703,0.194894736842105,2018-12-02,"Control","Santa Cruz","Solanum lycopersicum"
"454",7477,3,0.519,0.173,2018-03-23,"Control","Santa Cruz","Solanum lycopersicum"
"455",7478,17,2.928,0.172235294117647,2018-12-02,"Control","Santa Cruz","Solanum lycopersicum"
"456",7479,13,2.079,0.159923076923077,2018-03-23,"Control","Santa Cruz","Solanum lycopersicum"
"457",7480,12,1.749,0.14575,2018-12-02,"Control","Santa Cruz","Solanum lycopersicum"
"458",7482,14,2.149,0.1535,2018-09-03,"Control","Santa Cruz","Solanum lycopersicum"
"459",7484,23,4.432,0.192695652173913,2018-12-02,"Control","Santa Cruz","Solanum lycopersicum"
"460",7485,5,0.643,0.1286,2018-04-06,"Control","Santa Cruz","Solanum lycopersicum"
"461",7486,9,1.939,0.215444444444444,2018-12-02,"Control","Santa Cruz","Solanum lycopersicum"
"462",7487,6,0.998,0.166333333333333,2018-03-29,"Control","Santa Cruz","Solanum lycopersicum"
"463",7489,17,2.997,0.176294117647059,2018-09-03,"Control","Santa Cruz","Solanum lycopersicum"
"464",7490,25,3.926,0.15704,2018-12-02,"Control","Santa Cruz","Solanum lycopersicum"
"465",7491,3,0.405,0.135,2018-03-19,"Control","Santa Cruz","Solanum lycopersicum"
"466",7492,10,1.655,0.1655,2018-09-02,"Control","Santa Cruz","Solanum lycopersicum"
"467",7493,2,0.333,0.1665,2018-04-13,"Control","Santa Cruz","Solanum lycopersicum"
"468",7494,24,4.361,0.181708333333333,2018-09-02,"Control","Santa Cruz","Solanum lycopersicum"
"469",7495,3,0.54,0.18,2018-04-06,"Control","Santa Cruz","Solanum lycopersicum"
"470",7496,12,2.276,0.189666666666667,2018-09-02,"Control","Santa Cruz","Solanum lycopersicum"
"471",7497,5,1.124,0.2248,2018-02-23,"Control","Santa Cruz","Solanum lycopersicum"
"472",7498,6,1.109,0.184833333333333,2018-04-06,"Control","Santa Cruz","Solanum lycopersicum"
"473",7499,13,2.052,0.157846153846154,2018-12-02,"Control","Santa Cruz","Solanum lycopersicum"
"474",7500,5,0.758,0.1516,2018-04-06,"Control","Santa Cruz","Solanum lycopersicum"
"475",7501,16,3.001,0.1875625,2018-12-02,"Control","Santa Cruz","Solanum lycopersicum"
"476",7502,10,1.759,0.1759,2018-12-02,"Control","Santa Cruz","Solanum lycopersicum"
"477",7502,10,1.759,0.1759,2018-12-02,"Hidrogel","Santa Cruz","Solanum lycopersicum"
"478",7503,11,1.358,0.123454545454545,2018-04-02,"Control","Santa Cruz","Solanum lycopersicum"
"479",7504,14,2.414,0.172428571428571,2018-09-03,"Control","Santa Cruz","Solanum lycopersicum"
"480",7504,14,2.414,0.172428571428571,2018-09-03,"Hidrogel","Santa Cruz","Solanum lycopersicum"
"481",7505,24,4.378,0.182416666666667,2018-12-02,"Control","Santa Cruz","Solanum lycopersicum"
"482",7506,10,2.36,0.236,2018-09-02,"Control","Santa Cruz","Solanum lycopersicum"
"483",7506,10,2.36,0.236,2018-09-02,"Hidrogel","Santa Cruz","Solanum lycopersicum"
"484",7508,14,2.744,0.196,2018-04-13,"Control","Santa Cruz","Solanum lycopersicum"
"485",7511,11,1.7,0.154545454545455,2018-09-02,"Control","Santa Cruz","Solanum lycopersicum"
"486",7512,4,0.616,0.154,2018-12-02,"Control","Santa Cruz","Solanum lycopersicum"
"487",7513,19,3.485,0.183421052631579,2018-09-02,"Control","Santa Cruz","Solanum lycopersicum"
"488",7515,15,2.774,0.184933333333333,2018-09-02,"Control","Santa Cruz","Solanum lycopersicum"
"489",7516,1,0.09,0.09,2018-09-03,"Control","Santa Cruz","Solanum lycopersicum"
"490",7517,22,2.782,0.126454545454545,2018-12-02,"Groasis","Santa Cruz","Solanum lycopersicum"
"491",7518,7,0.661,0.0944285714285714,2018-04-20,"Groasis","Santa Cruz","Solanum lycopersicum"
"492",7519,4,0.507,0.12675,2018-04-20,"Groasis","Santa Cruz","Solanum lycopersicum"
"493",7520,28,3.616,0.129142857142857,2018-12-02,"Groasis","Santa Cruz","Solanum lycopersicum"
"494",7521,27,3.803,0.140851851851852,2018-12-02,"Groasis","Santa Cruz","Solanum lycopersicum"
"495",7522,20,1.964,0.0982,2018-12-02,"Groasis","Santa Cruz","Solanum lycopersicum"
"496",7523,23,3.166,0.137652173913043,2018-12-02,"Groasis","Santa Cruz","Solanum lycopersicum"
"497",7524,18,2.149,0.119388888888889,2018-12-02,"Groasis","Santa Cruz","Solanum lycopersicum"
"498",7525,20,2.001,0.10005,2018-09-03,"Groasis","Santa Cruz","Solanum lycopersicum"
"499",7526,23,2.491,0.108304347826087,2018-09-03,"Groasis","Santa Cruz","Solanum lycopersicum"
"500",7527,21,2.279,0.10852380952381,2018-12-02,"Groasis","Santa Cruz","Solanum lycopersicum"
"501",7528,20,2.652,0.1326,2018-03-29,"Groasis","Santa Cruz","Solanum lycopersicum"
"502",7529,15,1.423,0.0948666666666667,2018-09-03,"Groasis","Santa Cruz","Solanum lycopersicum"
"503",7530,15,1.804,0.120266666666667,2018-09-03,"Groasis","Santa Cruz","Solanum lycopersicum"
"504",7531,25,3.207,0.12828,2018-12-02,"Groasis","Santa Cruz","Solanum lycopersicum"
"505",7532,24,2.443,0.101791666666667,2018-12-02,"Groasis","Santa Cruz","Solanum lycopersicum"
"506",7533,20,2.634,0.1317,2018-12-02,"Groasis","Santa Cruz","Solanum lycopersicum"
"507",7534,28,3.625,0.129464285714286,2018-09-02,"Groasis","Santa Cruz","Solanum lycopersicum"
"508",7535,31,4.064,0.131096774193548,2018-12-02,"Groasis","Santa Cruz","Solanum lycopersicum"
"509",7536,18,2.679,0.148833333333333,2018-09-03,"Groasis","Santa Cruz","Solanum lycopersicum"
"510",7537,23,2.21,0.0960869565217391,2018-12-02,"Hidrogel","Santa Cruz","Solanum lycopersicum"
"511",7538,21,2.404,0.11447619047619,2018-09-03,"Hidrogel","Santa Cruz","Solanum lycopersicum"
"512",7539,28,3.835,0.136964285714286,2018-12-02,"Hidrogel","Santa Cruz","Solanum lycopersicum"
"513",7540,13,1.561,0.120076923076923,2018-03-29,"Hidrogel","Santa Cruz","Solanum lycopersicum"
"514",7541,10,1.056,0.1056,2018-09-03,"Hidrogel","Santa Cruz","Solanum lycopersicum"
"515",7542,28,3.468,0.123857142857143,2018-09-02,"Hidrogel","Santa Cruz","Solanum lycopersicum"
"516",7543,32,3.694,0.1154375,2018-12-02,"Hidrogel","Santa Cruz","Solanum lycopersicum"
"517",7544,41,4.836,0.117951219512195,2018-09-03,"Hidrogel","Santa Cruz","Solanum lycopersicum"
"518",7545,19,2.23,0.117368421052632,2018-12-02,"Hidrogel","Santa Cruz","Solanum lycopersicum"
"519",7546,27,4.244,0.157185185185185,2018-12-02,"Hidrogel","Santa Cruz","Solanum lycopersicum"
"520",7547,24,2.663,0.110958333333333,2018-09-02,"Hidrogel","Santa Cruz","Solanum lycopersicum"
"521",7548,14,1.938,0.138428571428571,2018-09-03,"Hidrogel","Santa Cruz","Solanum lycopersicum"
"522",7549,19,2.85,0.15,2018-09-03,"Hidrogel","Santa Cruz","Solanum lycopersicum"
"523",7550,17,2.677,0.157470588235294,2018-12-02,"Hidrogel","Santa Cruz","Solanum lycopersicum"
"524",7551,28,3.629,0.129607142857143,2018-12-02,"Hidrogel","Santa Cruz","Solanum lycopersicum"
"525",7552,19,2.851,0.150052631578947,2018-09-02,"Control","Santa Cruz","Solanum lycopersicum"
"526",7553,19,2.796,0.147157894736842,2018-09-02,"Control","Santa Cruz","Solanum lycopersicum"
"527",7554,16,2.532,0.15825,2018-09-03,"Control","Santa Cruz","Solanum lycopersicum"
"528",7555,27,3.587,0.132851851851852,2018-12-02,"Control","Santa Cruz","Solanum lycopersicum"
"529",7556,36,4.513,0.125361111111111,2018-12-02,"Control","Santa Cruz","Solanum lycopersicum"
"530",7557,10,1.096,0.1096,2018-09-03,"Control","Santa Cruz","Solanum lycopersicum"
"531",7559,29,3.194,0.110137931034483,2018-12-02,"Control","Santa Cruz","Solanum lycopersicum"
"532",7560,24,3.264,0.136,2018-09-03,"Control","Santa Cruz","Solanum lycopersicum"
"533",7561,18,2.247,0.124833333333333,2018-09-03,"Control","Santa Cruz","Solanum lycopersicum"
"534",7562,37,4.4,0.118918918918919,2018-09-03,"Control","Santa Cruz","Solanum lycopersicum"
"535",7563,22,2.497,0.1135,2018-12-02,"Control","Santa Cruz","Solanum lycopersicum"
"536",7564,28,3.509,0.125321428571429,2018-12-02,"Control","Santa Cruz","Solanum lycopersicum"
"537",7565,14,1.812,0.129428571428571,2018-09-03,"Control","Santa Cruz","Solanum lycopersicum"
"538",7566,13,1.232,0.0947692307692308,2018-09-03,"Control","Santa Cruz","Solanum lycopersicum"
"539",7567,19,2.409,0.126789473684211,2018-09-03,"Control","Santa Cruz","Solanum lycopersicum"
"540",7568,13,1.422,0.109384615384615,2018-09-03,"Control","Santa Cruz","Solanum lycopersicum"
"541",7569,26,3.412,0.131230769230769,2018-09-02,"Control","Santa Cruz","Solanum lycopersicum"
"542",7570,41,4.693,0.114463414634146,2018-09-03,"Control","Santa Cruz","Solanum lycopersicum"
"543",7599,1,0.175,0.175,2018-02-15,"Control","Santa Cruz","Solanum lycopersicum"
"544",7648,11,3.124,0.284,2018-09-03,"Groasis","Santa Cruz","Cucumis sativus"
"545",7649,3,0.826,0.275333333333333,2018-02-23,"Groasis","Santa Cruz","Cucumis sativus"
"546",7650,5,1.286,0.2572,2018-09-03,"Groasis","Santa Cruz","Cucumis sativus"
"547",7651,6,1.541,0.256833333333333,2018-09-03,"Groasis","Santa Cruz","Cucumis sativus"
"548",7652,6,1.463,0.243833333333333,2018-09-02,"Groasis","Santa Cruz","Cucumis sativus"
"549",7653,13,3.468,0.266769230769231,2018-09-03,"Groasis","Santa Cruz","Cucumis sativus"
"550",7654,3,0.905,0.301666666666667,2018-09-02,"Groasis","Santa Cruz","Cucumis sativus"
"551",7655,4,0.898,0.2245,2018-09-03,"Groasis","Santa Cruz","Cucumis sativus"
"552",7656,6,1.708,0.284666666666667,2018-09-03,"Groasis","Santa Cruz","Cucumis sativus"
"553",7657,11,3.425,0.311363636363636,2018-09-03,"Groasis","Santa Cruz","Cucumis sativus"
"554",7658,5,1.641,0.3282,2018-04-06,"Groasis","Santa Cruz","Cucumis sativus"
"555",7659,5,1.474,0.2948,2018-04-06,"Groasis","Santa Cruz","Cucumis sativus"
"556",7660,5,1.616,0.3232,2018-09-03,"Groasis","Santa Cruz","Cucumis sativus"
"557",7661,5,1.25,0.25,2018-09-03,"Groasis","Santa Cruz","Cucumis sativus"
"558",7662,3,0.918,0.306,2018-09-03,"Groasis","Santa Cruz","Cucumis sativus"
"559",7663,4,0.978,0.2445,2018-09-03,"Groasis","Santa Cruz","Cucumis sativus"
"560",7664,8,2.537,0.317125,2018-09-03,"Groasis","Santa Cruz","Cucumis sativus"
"561",7665,8,1.91,0.23875,2018-09-03,"Groasis","Santa Cruz","Cucumis sativus"
"562",7666,4,1.091,0.27275,2018-04-06,"Groasis","Santa Cruz","Cucumis sativus"
"563",7667,7,1.898,0.271142857142857,2018-09-02,"Groasis","Santa Cruz","Cucumis sativus"
"564",7668,15,5.12,0.341333333333333,2018-09-03,"Hidrogel","Santa Cruz","Cucumis sativus"
"565",7669,5,1.828,0.3656,2018-09-03,"Hidrogel","Santa Cruz","Cucumis sativus"
"566",7670,4,1.408,0.352,2018-09-02,"Hidrogel","Santa Cruz","Cucumis sativus"
"567",7671,9,3.158,0.350888888888889,2018-09-02,"Hidrogel","Santa Cruz","Cucumis sativus"
"568",7672,2,0.636,0.318,2018-09-02,"Hidrogel","Santa Cruz","Cucumis sativus"
"569",7673,7,2.5,0.357142857142857,2018-04-06,"Hidrogel","Santa Cruz","Cucumis sativus"
"570",7674,2,0.64,0.32,2018-02-15,"Hidrogel","Santa Cruz","Cucumis sativus"
"571",7675,8,2.636,0.3295,2018-09-03,"Hidrogel","Santa Cruz","Cucumis sativus"
"572",7676,8,2.351,0.293875,2018-04-06,"Hidrogel","Santa Cruz","Cucumis sativus"
"573",7677,6,1.587,0.2645,2018-09-02,"Hidrogel","Santa Cruz","Cucumis sativus"
"574",7678,8,3.043,0.380375,2018-04-06,"Hidrogel","Santa Cruz","Cucumis sativus"
"575",7679,1,0.218,0.218,2018-02-03,"Hidrogel","Santa Cruz","Cucumis sativus"
"576",7680,10,2.646,0.2646,2018-09-03,"Hidrogel","Santa Cruz","Cucumis sativus"
"577",7681,11,3.845,0.349545454545455,2018-09-03,"Hidrogel","Santa Cruz","Cucumis sativus"
"578",7682,6,2.269,0.378166666666667,2018-04-06,"Hidrogel","Santa Cruz","Cucumis sativus"
"579",7683,4,1.133,0.28325,2018-09-02,"Hidrogel","Santa Cruz","Cucumis sativus"
"580",7684,12,4.023,0.33525,2018-09-03,"Hidrogel","Santa Cruz","Cucumis sativus"
"581",7685,6,1.841,0.306833333333333,2018-09-03,"Hidrogel","Santa Cruz","Cucumis sativus"
"582",7686,6,2.052,0.342,2018-09-02,"Hidrogel","Santa Cruz","Cucumis sativus"
"583",7687,7,2.168,0.309714285714286,2018-09-03,"Hidrogel","Santa Cruz","Cucumis sativus"
"584",7688,1,0.227,0.227,2018-02-15,"Control","Santa Cruz","Cucumis sativus"
"585",7689,7,2.282,0.326,2018-04-06,"Control","Santa Cruz","Cucumis sativus"
"586",7690,6,1.683,0.2805,2018-09-03,"Control","Santa Cruz","Cucumis sativus"
"587",7691,1,0.466,0.466,2018-02-23,"Control","Santa Cruz","Cucumis sativus"
"588",7692,15,5.333,0.355533333333333,2018-09-03,"Control","Santa Cruz","Cucumis sativus"
"589",7693,3,0.976,0.325333333333333,2018-09-02,"Control","Santa Cruz","Cucumis sativus"
"590",7694,7,2.133,0.304714285714286,2018-04-06,"Control","Santa Cruz","Cucumis sativus"
"591",7695,5,1.753,0.3506,2018-09-03,"Control","Santa Cruz","Cucumis sativus"
"592",7696,8,2.59,0.32375,2018-09-02,"Control","Santa Cruz","Cucumis sativus"
"593",7697,7,2.172,0.310285714285714,2018-09-03,"Control","Santa Cruz","Cucumis sativus"
"594",7698,6,2.036,0.339333333333333,2018-09-03,"Control","Santa Cruz","Cucumis sativus"
"595",7699,5,1.904,0.3808,2018-04-06,"Control","Santa Cruz","Cucumis sativus"
"596",7700,10,3.057,0.3057,2018-09-03,"Control","Santa Cruz","Cucumis sativus"
"597",7701,6,1.781,0.296833333333333,2018-04-06,"Control","Santa Cruz","Cucumis sativus"
"598",7702,4,1.365,0.34125,2018-04-06,"Control","Santa Cruz","Cucumis sativus"
"599",7703,4,1.38,0.345,2018-09-03,"Control","Santa Cruz","Cucumis sativus"
"600",7704,9,2.746,0.305111111111111,2018-09-02,"Control","Santa Cruz","Cucumis sativus"
"601",7705,11,3.351,0.304636363636364,2018-09-03,"Control","Santa Cruz","Cucumis sativus"
"602",7706,5,2.111,0.4222,2018-09-03,"Control","Santa Cruz","Cucumis sativus"
"603",7707,13,4.611,0.354692307692308,2018-09-03,"Control","Santa Cruz","Cucumis sativus"
"604",7726,1,2.727,2.727,2018-04-13,"Hidrogel","Santa Cruz","Citrullus lanatus"
"605",7728,2,18.181,9.0905,2018-04-13,"Hidrogel","Santa Cruz","Citrullus lanatus"
"606",7729,2,5.908,2.954,2018-04-06,"Hidrogel","Santa Cruz","Citrullus lanatus"
"607",7730,1,1.818,1.818,2018-04-06,"Hidrogel","Santa Cruz","Citrullus lanatus"
"608",7739,1,2.272,2.272,2018-04-13,"Hidrogel","Santa Cruz","Citrullus lanatus"
"609",7743,1,2.272,2.272,2018-04-13,"Hidrogel","Santa Cruz","Citrullus lanatus"
"610",7750,1,1.363,1.363,2018-04-13,"Hidrogel","Santa Cruz","Citrullus lanatus"
"611",7762,1,3.409,3.409,2018-04-06,"Hidrogel","Santa Cruz","Citrullus lanatus"
"612",7764,1,1.363,1.363,2018-04-13,"Hidrogel","Santa Cruz","Citrullus lanatus"
"613",7765,1,2.272,2.272,2018-04-06,"Control","Santa Cruz","Citrullus lanatus"
"614",7768,1,1.818,1.818,2018-04-06,"Control","Santa Cruz","Citrullus lanatus"
"615",7769,1,8.181,8.181,2018-04-06,"Control","Santa Cruz","Citrullus lanatus"
"616",7770,2,10.453,5.2265,2018-04-13,"Control","Santa Cruz","Citrullus lanatus"
"617",7772,1,2.272,2.272,2018-04-06,"Control","Santa Cruz","Citrullus lanatus"
"618",7773,3,7.176,2.392,2018-04-13,"Control","Santa Cruz","Citrullus lanatus"
"619",7774,1,2.272,2.272,2018-04-13,"Control","Santa Cruz","Citrullus lanatus"
"620",7776,1,5,5,2018-04-06,"Control","Santa Cruz","Citrullus lanatus"
"621",7777,1,4.545,4.545,2018-04-06,"Control","Santa Cruz","Citrullus lanatus"
"622",7800,1,3.636,3.636,2018-04-13,"Control","Santa Cruz","Citrullus lanatus"
"623",7801,1,1.181,1.181,2018-04-13,"Control","Santa Cruz","Citrullus lanatus"
"624",7802,1,1.363,1.363,2018-04-13,"Control","Santa Cruz","Citrullus lanatus"
"625",7805,1,4.545,4.545,2018-04-06,"Groasis","Santa Cruz","Citrullus lanatus"
"626",7809,1,6.818,6.818,2018-04-13,"Groasis","Santa Cruz","Citrullus lanatus"
"627",7814,1,1.181,1.181,2018-04-13,"Groasis","Santa Cruz","Citrullus lanatus"
"628",7838,1,3.636,3.636,2018-04-06,"Groasis","Santa Cruz","Citrullus lanatus"
"629",7841,1,6.818,6.818,2018-04-06,"Groasis","Santa Cruz","Citrullus lanatus"
"630",7842,1,1.181,1.181,2018-04-13,"Groasis","Santa Cruz","Citrullus lanatus"
"631",7914,1,0.668,0.668,2018-04-02,"Groasis","Santa Cruz","Cucumis melo"
"632",7915,1,2.084,2.084,2018-03-23,"Groasis","Santa Cruz","Cucumis melo"
"633",7916,1,1.213,1.213,2018-03-26,"Groasis","Santa Cruz","Cucumis melo"
"634",7917,1,0.722,0.722,2018-04-02,"Groasis","Santa Cruz","Cucumis melo"
"635",7918,2,2.47,1.235,2018-04-06,"Groasis","Santa Cruz","Cucumis melo"
"636",7919,1,0.599,0.599,2018-04-02,"Groasis","Santa Cruz","Cucumis melo"
"637",7920,1,0.847,0.847,2018-04-06,"Groasis","Santa Cruz","Cucumis melo"
"638",7922,1,0.592,0.592,2018-04-06,"Groasis","Santa Cruz","Cucumis melo"
"639",7923,2,3.244,1.622,2018-04-02,"Groasis","Santa Cruz","Cucumis melo"
"640",7927,1,0.873,0.873,2018-03-26,"Groasis","Santa Cruz","Cucumis melo"
"641",7928,1,1.143,1.143,2018-03-26,"Groasis","Santa Cruz","Cucumis melo"
"642",7929,1,0.633,0.633,2018-04-06,"Groasis","Santa Cruz","Cucumis melo"
"643",7930,1,0.266,0.266,2018-04-06,"Groasis","Santa Cruz","Cucumis melo"
"644",7931,1,0.571,0.571,2018-04-06,"Groasis","Santa Cruz","Cucumis melo"
"645",7933,2,1.363,0.6815,2018-04-06,"Groasis","Santa Cruz","Cucumis melo"
"646",7934,1,1.803,1.803,2018-04-06,"Groasis","Santa Cruz","Cucumis melo"
"647",7935,1,1.084,1.084,2018-04-06,"Groasis","Santa Cruz","Cucumis melo"
"648",7936,1,0.665,0.665,2018-04-06,"Groasis","Santa Cruz","Cucumis melo"
"649",7937,1,1.211,1.211,2018-04-02,"Groasis","Santa Cruz","Cucumis melo"
"650",7938,1,2.116,2.116,2018-04-02,"Groasis","Santa Cruz","Cucumis melo"
"651",7940,1,1.888,1.888,2018-04-06,"Groasis","Santa Cruz","Cucumis melo"
"652",7941,1,0.701,0.701,2018-04-06,"Groasis","Santa Cruz","Cucumis melo"
"653",7942,1,2.365,2.365,2018-04-06,"Groasis","Santa Cruz","Cucumis melo"
"654",7944,1,1.11,1.11,2018-03-26,"Control","Santa Cruz","Cucumis melo"
"655",7945,1,2.066,2.066,2018-03-26,"Control","Santa Cruz","Cucumis melo"
"656",7947,2,2.045,1.0225,2018-03-29,"Control","Santa Cruz","Cucumis melo"
"657",7948,1,1.324,1.324,2018-03-29,"Control","Santa Cruz","Cucumis melo"
"658",7950,3,3.056,1.01866666666667,2018-04-02,"Control","Santa Cruz","Cucumis melo"
"659",7951,1,1.164,1.164,2018-03-26,"Control","Santa Cruz","Cucumis melo"
"660",7952,2,4.052,2.026,2018-04-02,"Control","Santa Cruz","Cucumis melo"
"661",7954,1,0.968,0.968,2018-03-29,"Control","Santa Cruz","Cucumis melo"
"662",7957,2,2.135,1.0675,2018-03-29,"Control","Santa Cruz","Cucumis melo"
"663",7958,1,1.307,1.307,2018-03-26,"Control","Santa Cruz","Cucumis melo"
"664",7960,1,1.13,1.13,2018-04-06,"Control","Santa Cruz","Cucumis melo"
"665",7961,1,1.424,1.424,2018-03-26,"Control","Santa Cruz","Cucumis melo"
"666",7963,1,0.826,0.826,2018-03-26,"Control","Santa Cruz","Cucumis melo"
"667",7964,2,2.303,1.1515,2018-04-02,"Control","Santa Cruz","Cucumis melo"
"668",7967,1,0.433,0.433,2018-04-06,"Control","Santa Cruz","Cucumis melo"
"669",7968,3,2.773,0.924333333333333,2018-04-06,"Control","Santa Cruz","Cucumis melo"
"670",7969,2,2.106,1.053,2018-04-06,"Control","Santa Cruz","Cucumis melo"
"671",12633,5,0.27,0.054,2021-06-09,"hidrogel","Santa Cruz","Capsicum annuum"
"672",12634,4,0.07,0.0175,2021-04-15,"groasis","Santa Cruz","Capsicum annuum"
"673",12635,2,0.1,0.05,2021-04-13,"groasis","Santa Cruz","Capsicum annuum"
"674",12636,1,0.05,0.05,2021-04-15,"groasis","Santa Cruz","Capsicum annuum"
"675",12637,5,0.42,0.084,2021-06-09,"groasis","Santa Cruz","Capsicum annuum"
"676",12638,9,0.5,0.0555555555555556,2021-04-15,"control","Santa Cruz","Capsicum annuum"
"677",12639,1,0.02,0.02,2021-04-15,"control","Santa Cruz","Capsicum annuum"
"678",12641,1,0.161,0.161,2021-04-15,"control","Santa Cruz","Capsicum annuum"
"679",12652,14,1.0467,0.0747642857142857,2021-06-09,"control","Santa Cruz","Capsicum annuum"
"680",12653,2,0.2267,0.11335,2021-04-15,"control","Santa Cruz","Capsicum annuum"
"681",12654,9,0.89,0.0988888888888889,2021-06-09,"growboxx","Santa Cruz","Capsicum annuum"
"682",12659,1,0.1,0.1,2021-04-13,"hidrogel","Santa Cruz","Capsicum annuum"
"683",12660,3,0.18,0.06,2021-04-13,"hidrogel","Santa Cruz","Capsicum annuum"
"684",12663,2,0.03,0.015,2021-04-13,"growboxx","Santa Cruz","Capsicum annuum"
"685",12679,4,0.16,0.04,2021-04-13,"hidrogel","Santa Cruz","Capsicum annuum"
"686",12687,2,0.075,0.0375,2021-04-13,"control","Santa Cruz","Capsicum annuum"
"687",12735,5,0.663,0.1326,2021-07-13,"groasis","Santa Cruz","Solanum lycopersicum"
"688",12736,1,0.211,0.211,2021-07-01,"groasis","Santa Cruz","Solanum lycopersicum"
"689",12737,1,0.133,0.133,2021-07-13,"groasis","Santa Cruz","Solanum lycopersicum"
"690",12738,2,0.28,0.14,2021-07-13,"groasis","Santa Cruz","Solanum lycopersicum"
"691",12738,2,0.28,0.14,2021-07-13,"growboxx","Santa Cruz","Solanum lycopersicum"
"692",12740,1,0.057,0.057,2021-07-13,"growboxx","Santa Cruz","Solanum lycopersicum"
"693",12741,5,0.467,0.0934,2021-07-13,"growboxx","Santa Cruz","Solanum lycopersicum"
"694",12745,1,0.073,0.073,2021-07-01,"growboxx","Santa Cruz","Solanum lycopersicum"
"695",12747,1,0.053,0.053,2021-07-13,"hidrogel","Santa Cruz","Solanum lycopersicum"
"696",12750,2,0.112,0.056,2021-07-13,"hidrogel","Santa Cruz","Solanum lycopersicum"
"697",12751,2,0.262,0.131,2021-06-24,"growboxx","Santa Cruz","Solanum lycopersicum"
"698",12755,1,0.071,0.071,2021-06-24,"control","Santa Cruz","Solanum lycopersicum"
"699",12756,2,0.816,0.408,2021-07-13,"control","Santa Cruz","Solanum lycopersicum"
"700",12759,3,0.267,0.089,2021-07-13,"groasis","Santa Cruz","Solanum lycopersicum"
"701",12761,6,0.799,0.133166666666667,2021-07-13,"groasis","Santa Cruz","Solanum lycopersicum"
"702",12762,2,0.185,0.0925,2021-07-13,"groasis","Santa Cruz","Solanum lycopersicum"
"703",12763,2,0.178,0.089,2021-07-13,"groasis","Santa Cruz","Solanum lycopersicum"
"704",12766,6,0.586,0.0976666666666667,2021-07-13,"hidrogel","Santa Cruz","Solanum lycopersicum"
"705",12767,3,0.333,0.111,2021-06-24,"hidrogel","Santa Cruz","Solanum lycopersicum"
"706",12771,3,0.3,0.1,2021-07-13,"groasis","Santa Cruz","Solanum lycopersicum"
"707",12773,4,0.559,0.13975,2021-07-13,"groasis","Santa Cruz","Solanum lycopersicum"
"708",12774,3,0.408,0.136,2021-06-24,"groasis","Santa Cruz","Solanum lycopersicum"
"709",12777,2,0.179,0.0895,2021-07-01,"growboxx","Santa Cruz","Solanum lycopersicum"
"710",12779,1,0.128,0.128,2021-06-24,"control","Santa Cruz","Solanum lycopersicum"
"711",12780,2,0.256,0.128,2021-07-01,"control","Santa Cruz","Solanum lycopersicum"
"712",12781,2,0.276,0.138,2021-06-14,"control","Santa Cruz","Solanum lycopersicum"
"713",12783,2,0.211,0.1055,2021-07-13,"control","Santa Cruz","Solanum lycopersicum"
"714",12784,3,0.398,0.132666666666667,2021-06-14,"groasis","Santa Cruz","Solanum lycopersicum"
"715",12785,4,0.537,0.13425,2021-07-13,"groasis","Santa Cruz","Solanum lycopersicum"
"716",12787,4,0.394,0.0985,2021-07-01,"growboxx","Santa Cruz","Solanum lycopersicum"
"717",12789,2,0.178,0.089,2021-07-01,"growboxx","Santa Cruz","Solanum lycopersicum"
"718",12790,2,0.219,0.1095,2021-06-14,"growboxx","Santa Cruz","Solanum lycopersicum"
"719",12791,2,0.224,0.112,2021-06-14,"hidrogel","Santa Cruz","Solanum lycopersicum"
"720",12792,2,0.204,0.102,2021-06-14,"hidrogel","Santa Cruz","Solanum lycopersicum"
"721",12794,8,0.96,0.12,2021-07-01,"hidrogel","Santa Cruz","Solanum lycopersicum"
"722",12795,1,0.14,0.14,2021-07-01,"hidrogel","Santa Cruz","Solanum lycopersicum"
"723",12798,7,0.792,0.113142857142857,2021-07-13,"control","Santa Cruz","Solanum lycopersicum"
"724",12799,2,0.195,0.0975,2021-06-14,"hidrogel","Santa Cruz","Solanum lycopersicum"
"725",12800,3,0.514,0.171333333333333,2021-06-14,"hidrogel","Santa Cruz","Solanum lycopersicum"
"726",12801,5,0.58,0.116,2021-06-24,"control","Santa Cruz","Solanum lycopersicum"
"727",12802,2,0.277,0.1385,2021-06-24,"control","Santa Cruz","Solanum lycopersicum"
"728",12803,2,0.064,0.032,2021-06-14,"growboxx","Santa Cruz","Solanum lycopersicum"
"729",12805,9,0.784,0.0871111111111111,2021-06-24,"growboxx","Santa Cruz","Solanum lycopersicum"
"730",12808,8,0.788,0.0985,2021-06-24,"groasis","Santa Cruz","Solanum lycopersicum"
"731",12809,6,0.392,0.0653333333333333,2021-06-24,"groasis","Santa Cruz","Solanum lycopersicum"
"732",12810,8,1.094,0.13675,2021-06-24,"groasis","Santa Cruz","Solanum lycopersicum"
"733",12811,5,0.688,0.1376,2021-06-24,"groasis","Santa Cruz","Solanum lycopersicum"
"734",12812,7,0.943,0.134714285714286,2021-06-14,"hidrogel","Santa Cruz","Solanum lycopersicum"
"735",12813,9,0.545,0.0605555555555556,2021-06-24,"hidrogel","Santa Cruz","Solanum lycopersicum"
"736",12816,5,0.78,0.156,2021-06-24,"groasis","Santa Cruz","Solanum lycopersicum"
"737",12817,4,0.636,0.159,2021-06-14,"groasis","Santa Cruz","Solanum lycopersicum"
"738",12818,4,0.372,0.093,2021-06-14,"groasis","Santa Cruz","Solanum lycopersicum"
"739",12821,2,0.07,0.035,2021-06-14,"growboxx","Santa Cruz","Solanum lycopersicum"
"740",12823,1,0.136,0.136,2021-06-24,"control","Santa Cruz","Solanum lycopersicum"
"741",12824,23,2.48,0.107826086956522,2021-05-31,"control","Santa Cruz","Solanum lycopersicum"
"742",12825,2,0.4,0.2,2021-05-31,"control","Santa Cruz","Solanum lycopersicum"
"743",12826,5,0.56,0.112,2021-05-31,"control","Santa Cruz","Solanum lycopersicum"
"744",12827,4,0.34,0.085,2021-06-24,"hidrogel","Santa Cruz","Solanum lycopersicum"
"745",12828,8,1.115,0.139375,2021-06-14,"hidrogel","Santa Cruz","Solanum lycopersicum"
"746",12829,2,0.36,0.18,2021-05-31,"hidrogel","Santa Cruz","Solanum lycopersicum"
"747",12830,10,1.241,0.1241,2021-06-24,"hidrogel","Santa Cruz","Solanum lycopersicum"
"748",12831,4,0.514,0.1285,2021-06-14,"hidrogel","Santa Cruz","Solanum lycopersicum"
"749",12832,2,0.133,0.0665,2021-06-24,"hidrogel","Santa Cruz","Solanum lycopersicum"
"750",12834,2,0.182,0.091,2021-06-24,"hidrogel","Santa Cruz","Solanum lycopersicum"
"751",12835,8,0.745,0.093125,2021-06-24,"groasis","Santa Cruz","Solanum lycopersicum"
"752",12836,9,1.203,0.133666666666667,2021-06-24,"groasis","Santa Cruz","Solanum lycopersicum"
"753",12837,1,0.113,0.113,2021-06-24,"groasis","Santa Cruz","Solanum lycopersicum"
"754",12838,6,1.2,0.2,2021-05-31,"groasis","Santa Cruz","Solanum lycopersicum"
"755",12839,1,0.141,0.141,2021-06-24,"growboxx","Santa Cruz","Solanum lycopersicum"
"756",12842,2,0.176,0.088,2021-06-14,"growboxx","Santa Cruz","Solanum lycopersicum"
"757",12844,10,1.449,0.1449,2021-06-24,"control","Santa Cruz","Solanum lycopersicum"
"758",12845,8,0.648,0.081,2021-06-24,"control","Santa Cruz","Solanum lycopersicum"
"759",12846,1,0.042,0.042,2021-06-24,"control","Santa Cruz","Solanum lycopersicum"
"760",12847,3,0.186,0.062,2021-06-24,"growboxx","Santa Cruz","Solanum lycopersicum"
"761",12849,7,0.75,0.107142857142857,2021-06-24,"growboxx","Santa Cruz","Solanum lycopersicum"
"762",12851,3,0.17,0.0566666666666667,2021-06-24,"control","Santa Cruz","Solanum lycopersicum"
"763",12852,9,0.683,0.0758888888888889,2021-06-14,"control","Santa Cruz","Solanum lycopersicum"
"764",12854,2,0.06,0.03,2021-05-31,"control","Santa Cruz","Solanum lycopersicum"
"765",12855,2,0.4,0.2,2021-05-31,"hidrogel","Santa Cruz","Solanum lycopersicum"
"766",12856,5,0.374,0.0748,2021-06-24,"hidrogel","Santa Cruz","Solanum lycopersicum"
"767",12858,1,0.128,0.128,2021-06-24,"hidrogel","Santa Cruz","Solanum lycopersicum"
"768",12859,2,0.306,0.153,2021-06-14,"groasis","Santa Cruz","Solanum lycopersicum"
"769",12860,23,2.767,0.120304347826087,2021-06-24,"groasis","Santa Cruz","Solanum lycopersicum"
"770",12861,7,0.412,0.0588571428571429,2021-06-24,"groasis","Santa Cruz","Solanum lycopersicum"
"771",12863,1,0.1,0.1,2021-05-31,"groasis","Santa Cruz","Capsicum annuum"
"772",12864,4,0.78,0.195,2021-05-31,"groasis","Santa Cruz","Capsicum annuum"
"773",12871,1,0.12,0.12,2021-05-31,"control","Santa Cruz","Capsicum annuum"
"774",12872,2,0.3,0.15,2021-05-31,"control","Santa Cruz","Capsicum annuum"
"775",12873,3,0.37,0.123333333333333,2021-05-31,"control","Santa Cruz","Capsicum annuum"
"776",12878,2,0.17,0.085,2021-05-31,"hidrogel","Santa Cruz","Capsicum annuum"
"777",12887,3,0.25,0.0833333333333333,2021-05-31,"hidrogel","Santa Cruz","Capsicum annuum"
"778",12891,5,0.296,0.0592,2021-06-24,"groasis","Santa Cruz","Capsicum annuum"
"779",12892,1,0.1,0.1,2021-05-31,"groasis","Santa Cruz","Capsicum annuum"
"780",12893,3,0.34,0.113333333333333,2021-05-31,"groasis","Santa Cruz","Capsicum annuum"
"781",12894,3,0.39,0.13,2021-05-31,"groasis","Santa Cruz","Capsicum annuum"
"782",12895,2,0.076,0.038,2021-06-14,"hidrogel","Santa Cruz","Capsicum annuum"
"783",12906,1,0.08,0.08,2021-05-31,"growboxx","Santa Cruz","Capsicum annuum"
"784",12910,1,0.12,0.12,2021-05-31,"control","Santa Cruz","Capsicum annuum"
"785",12917,4,0.34,0.085,2021-05-31,"groasis","Santa Cruz","Capsicum annuum"
"786",12919,1,0.09,0.09,2021-05-31,"hidrogel","Santa Cruz","Capsicum annuum"
"787",12920,1,0.15,0.15,2021-05-31,"hidrogel","Santa Cruz","Capsicum annuum"
"788",12922,1,0.1,0.1,2021-06-09,"hidrogel","Santa Cruz","Capsicum annuum"
"789",12923,1,0.05,0.05,2021-06-09,"control","Santa Cruz","Capsicum annuum"
"790",12927,2,0.102,0.051,2021-07-02,"groasis","Santa Cruz","Solanum lycopersicum"
"791",12932,6,0.237,0.0395,2021-07-13,"hidrogel","Santa Cruz","Solanum lycopersicum"
"792",12933,1,0.109,0.109,2021-07-02,"hidrogel","Santa Cruz","Solanum lycopersicum"
"793",12934,1,0.054,0.054,2021-06-24,"hidrogel","Santa Cruz","Solanum lycopersicum"
"794",12935,2,0.193,0.0965,2021-06-24,"control","Santa Cruz","Solanum lycopersicum"
"795",12936,6,0.452,0.0753333333333333,2021-07-13,"control","Santa Cruz","Solanum lycopersicum"
"796",12940,2,0.164,0.082,2021-07-02,"control","Santa Cruz","Solanum lycopersicum"
"797",12941,6,0.617,0.102833333333333,2021-07-13,"control","Santa Cruz","Solanum lycopersicum"
"798",12942,1,0.14,0.14,2021-06-09,"control","Santa Cruz","Solanum lycopersicum"
"799",12944,5,0.376,0.0752,2021-07-02,"growboxx","Santa Cruz","Solanum lycopersicum"
"800",12946,6,0.48,0.08,2021-07-02,"growboxx","Santa Cruz","Solanum lycopersicum"
"801",12947,5,0.68,0.136,2021-06-09,"groasis","Santa Cruz","Solanum lycopersicum"
"802",12948,5,0.425,0.085,2021-06-24,"groasis","Santa Cruz","Solanum lycopersicum"
"803",12949,3,0.169,0.0563333333333333,2021-07-02,"groasis","Santa Cruz","Solanum lycopersicum"
"804",12950,8,0.637,0.079625,2021-07-02,"groasis","Santa Cruz","Solanum lycopersicum"
"805",12955,6,0.2705,0.0450833333333333,2021-06-24,"control","Santa Cruz","Solanum lycopersicum"
"806",12956,3,0.205,0.0683333333333333,2021-06-24,"control","Santa Cruz","Solanum lycopersicum"
"807",12957,1,0.03,0.03,2021-07-02,"control","Santa Cruz","Solanum lycopersicum"
"808",12958,4,0.146,0.0365,2021-07-02,"control","Santa Cruz","Solanum lycopersicum"
"809",12962,1,0.046,0.046,2021-06-24,"growboxx","Santa Cruz","Solanum lycopersicum"
"810",12965,5,0.307,0.0614,2021-07-13,"groasis","Santa Cruz","Solanum lycopersicum"
"811",12970,2,0.16,0.08,2021-06-09,"hidrogel","Santa Cruz","Solanum lycopersicum"
"812",12972,8,0.793,0.099125,2021-07-13,"control","Santa Cruz","Solanum lycopersicum"
"813",12973,5,0.316,0.0632,2021-07-13,"hidrogel","Santa Cruz","Solanum lycopersicum"
"814",12982,3,0.262,0.0873333333333333,2021-06-24,"groasis","Santa Cruz","Solanum lycopersicum"
"815",13101,NA,NA,NA,2021-09-14,"growboxx",NA,"Solanum Lycopersicum"
"816",13101,NA,NA,NA,2021-09-14,NA,NA,"Solanum Lycopersicum"
"817",13103,NA,NA,NA,2021-09-14,"growboxx",NA,"Solanum Lycopersicum"
"818",13103,NA,NA,NA,2021-09-14,NA,NA,"Solanum Lycopersicum"
"819",13105,NA,NA,NA,2021-09-14,"groasis",NA,"Solanum Lycopersicum"
"820",13105,NA,NA,NA,2021-09-14,NA,NA,"Solanum Lycopersicum"
"821",13105,NA,NA,NA,2021-09-14,"waterboxx",NA,"Solanum Lycopersicum"
"822",13106,NA,NA,NA,2021-09-14,"groasis",NA,"Solanum Lycopersicum"
"823",13106,NA,NA,NA,2021-09-14,NA,NA,"Solanum Lycopersicum"
"824",13106,NA,NA,NA,2021-09-14,"waterboxx",NA,"Solanum Lycopersicum"
"825",13108,NA,NA,NA,2021-09-14,"groasis",NA,"Solanum Lycopersicum"
"826",13108,NA,NA,NA,2021-09-14,NA,NA,"Solanum Lycopersicum"
"827",13108,NA,NA,NA,2021-09-14,"waterboxx",NA,"Solanum Lycopersicum"
"828",13109,NA,NA,NA,2021-09-14,"hidrogel",NA,"Solanum Lycopersicum"
"829",13109,NA,NA,NA,2021-09-14,NA,NA,"Solanum Lycopersicum"
"830",13109,NA,NA,NA,2021-09-14,"hydrogel",NA,"Solanum Lycopersicum"
"831",13113,NA,NA,NA,2021-09-14,"control",NA,"Solanum Lycopersicum"
"832",13113,NA,NA,NA,2021-09-14,NA,NA,"Solanum Lycopersicum"
"833",13115,NA,NA,NA,2021-09-14,"control",NA,"Solanum Lycopersicum"
"834",13115,NA,NA,NA,2021-09-14,NA,NA,"Solanum Lycopersicum"
"835",13116,NA,NA,NA,2021-09-14,"control",NA,"Solanum Lycopersicum"
"836",13116,NA,NA,NA,2021-09-14,NA,NA,"Solanum Lycopersicum"
"837",13118,NA,NA,NA,2021-09-14,"hidrogel",NA,"Solanum Lycopersicum"
"838",13118,NA,NA,NA,2021-09-14,NA,NA,"Solanum Lycopersicum"
"839",13118,NA,NA,NA,2021-09-14,"hydrogel",NA,"Solanum Lycopersicum"
"840",13119,NA,NA,NA,2021-09-14,NA,NA,"Solanum Lycopersicum"
"841",13119,NA,NA,NA,2021-09-14,"hydrogel",NA,"Solanum Lycopersicum"
"842",13120,NA,NA,NA,2021-09-14,"hidrogel",NA,"Solanum Lycopersicum"
"843",13120,NA,NA,NA,2021-09-14,NA,NA,"Solanum Lycopersicum"
"844",13120,NA,NA,NA,2021-09-14,"hydrogel",NA,"Solanum Lycopersicum"
"845",13121,NA,NA,NA,2021-09-14,"control",NA,"Solanum Lycopersicum"
"846",13121,NA,NA,NA,2021-09-14,NA,NA,"Solanum Lycopersicum"
"847",13124,NA,NA,NA,2021-09-14,NA,NA,"Solanum Lycopersicum"
"848",13124,NA,NA,NA,2021-09-14,"control",NA,"Solanum Lycopersicum"
"849",13125,NA,NA,NA,2021-09-14,"growboxx",NA,"Solanum Lycopersicum"
"850",13125,NA,NA,NA,2021-09-14,NA,NA,"Solanum Lycopersicum"
"851",13126,NA,NA,NA,2021-09-14,NA,NA,"Solanum Lycopersicum"
"852",13126,NA,NA,NA,2021-09-14,"growboxx",NA,"Solanum Lycopersicum"
"853",13127,NA,NA,NA,2021-09-14,"growboxx",NA,"Solanum Lycopersicum"
"854",13127,NA,NA,NA,2021-09-14,NA,NA,"Solanum Lycopersicum"
"855",13128,NA,NA,NA,2021-09-14,"growboxx",NA,"Solanum Lycopersicum"
"856",13128,NA,NA,NA,2021-09-14,NA,NA,"Solanum Lycopersicum"
"857",13129,NA,NA,NA,2021-09-14,NA,NA,"Solanum Lycopersicum"
"858",13129,NA,NA,NA,2021-09-14,"waterboxx",NA,"Solanum Lycopersicum"
"859",13130,NA,NA,NA,2021-09-14,"groasis",NA,"Solanum Lycopersicum"
"860",13130,NA,NA,NA,2021-09-14,NA,NA,"Solanum Lycopersicum"
"861",13130,NA,NA,NA,2021-09-14,"waterboxx",NA,"Solanum Lycopersicum"
"862",13131,NA,NA,NA,2021-09-14,"groasis",NA,"Solanum Lycopersicum"
"863",13131,NA,NA,NA,2021-09-14,NA,NA,"Solanum Lycopersicum"
"864",13131,NA,NA,NA,2021-09-14,"waterboxx",NA,"Solanum Lycopersicum"
"865",13132,NA,NA,NA,2021-09-14,"groasis",NA,"Solanum Lycopersicum"
"866",13132,NA,NA,NA,2021-09-14,NA,NA,"Solanum Lycopersicum"
"867",13132,NA,NA,NA,2021-09-14,"waterboxx",NA,"Solanum Lycopersicum"
"868",13133,NA,NA,NA,2021-09-14,"groasis",NA,"Solanum Lycopersicum"
"869",13133,NA,NA,NA,2021-09-14,NA,NA,"Solanum Lycopersicum"
"870",13133,NA,NA,NA,2021-09-14,"waterboxx",NA,"Solanum Lycopersicum"
"871",13134,NA,NA,NA,2021-09-14,"groasis",NA,"Solanum Lycopersicum"
"872",13134,NA,NA,NA,2021-09-14,NA,NA,"Solanum Lycopersicum"
"873",13134,NA,NA,NA,2021-09-14,"waterboxx",NA,"Solanum Lycopersicum"
"874",13135,NA,NA,NA,2021-09-14,NA,NA,"Solanum Lycopersicum"
"875",13135,NA,NA,NA,2021-09-14,"waterboxx",NA,"Solanum Lycopersicum"
"876",13136,NA,NA,NA,2021-09-14,"groasis",NA,"Solanum Lycopersicum"
"877",13136,NA,NA,NA,2021-09-14,NA,NA,"Solanum Lycopersicum"
"878",13136,NA,NA,NA,2021-09-14,"waterboxx",NA,"Solanum Lycopersicum"
"879",13138,NA,NA,NA,2021-09-14,"hidrogel",NA,"Solanum Lycopersicum"
"880",13138,NA,NA,NA,2021-09-14,NA,NA,"Solanum Lycopersicum"
"881",13138,NA,NA,NA,2021-09-14,"hydrogel",NA,"Solanum Lycopersicum"
"882",13139,NA,NA,NA,2021-09-14,"hidrogel",NA,"Solanum Lycopersicum"
"883",13139,NA,NA,NA,2021-09-14,NA,NA,"Solanum Lycopersicum"
"884",13139,NA,NA,NA,2021-09-14,"hydrogel",NA,"Solanum Lycopersicum"
"885",13141,NA,NA,NA,2021-09-14,"control",NA,"Solanum Lycopersicum"
"886",13141,NA,NA,NA,2021-09-14,NA,NA,"Solanum Lycopersicum"
"887",13142,NA,NA,NA,2021-09-14,"control",NA,"Solanum Lycopersicum"
"888",13142,NA,NA,NA,2021-09-14,NA,NA,"Solanum Lycopersicum"
"889",13143,NA,NA,NA,2021-09-14,"control",NA,"Solanum Lycopersicum"
"890",13143,NA,NA,NA,2021-09-14,NA,NA,"Solanum Lycopersicum"
"891",13144,NA,NA,NA,2021-09-14,NA,NA,"Solanum Lycopersicum"
"892",13144,NA,NA,NA,2021-09-14,"control",NA,"Solanum Lycopersicum"
"893",13146,NA,NA,NA,2021-09-14,NA,NA,"Solanum Lycopersicum"
"894",13146,NA,NA,NA,2021-09-14,"growboxx",NA,"Solanum Lycopersicum"
"895",13149,NA,NA,NA,2021-09-14,NA,NA,"Solanum Lycopersicum"
"896",13149,NA,NA,NA,2021-09-14,"growboxx",NA,"Solanum Lycopersicum"
"897",13150,NA,NA,NA,2021-09-14,NA,NA,"Solanum Lycopersicum"
"898",13150,NA,NA,NA,2021-09-14,"growboxx",NA,"Solanum Lycopersicum"
"899",13151,NA,NA,NA,2021-09-14,NA,NA,"Solanum Lycopersicum"
"900",13151,NA,NA,NA,2021-09-14,"growboxx",NA,"Solanum Lycopersicum"
"901",13152,NA,NA,NA,2021-09-14,NA,NA,"Solanum Lycopersicum"
"902",13152,NA,NA,NA,2021-09-14,"growboxx",NA,"Solanum Lycopersicum"
"903",13153,NA,NA,NA,2021-09-14,NA,NA,"Solanum Lycopersicum"
"904",13153,NA,NA,NA,2021-09-14,"waterboxx",NA,"Solanum Lycopersicum"
"905",13154,NA,NA,NA,2021-09-14,NA,NA,"Solanum Lycopersicum"
"906",13154,NA,NA,NA,2021-09-14,"waterboxx",NA,"Solanum Lycopersicum"
"907",13155,NA,NA,NA,2021-09-14,NA,NA,"Solanum Lycopersicum"
"908",13155,NA,NA,NA,2021-09-14,"waterboxx",NA,"Solanum Lycopersicum"
"909",13156,NA,NA,NA,2021-09-14,NA,NA,"Solanum Lycopersicum"
"910",13156,NA,NA,NA,2021-09-14,"waterboxx",NA,"Solanum Lycopersicum"
"911",13158,NA,NA,NA,2021-09-14,NA,NA,"Solanum Lycopersicum"
"912",13158,NA,NA,NA,2021-09-14,"control",NA,"Solanum Lycopersicum"
"913",13159,NA,NA,NA,2021-09-14,NA,NA,"Solanum Lycopersicum"
"914",13159,NA,NA,NA,2021-09-14,"control",NA,"Solanum Lycopersicum"
"915",13160,NA,NA,NA,2021-09-14,NA,NA,"Solanum Lycopersicum"
"916",13160,NA,NA,NA,2021-09-14,"control",NA,"Solanum Lycopersicum"
"917",13161,NA,NA,NA,2021-09-14,NA,NA,"Solanum Lycopersicum"
"918",13161,NA,NA,NA,2021-09-14,"hydrogel",NA,"Solanum Lycopersicum"
"919",13162,NA,NA,NA,2021-09-14,NA,NA,"Solanum Lycopersicum"
"920",13162,NA,NA,NA,2021-09-14,"hydrogel",NA,"Solanum Lycopersicum"
"921",13163,NA,NA,NA,2021-09-14,NA,NA,"Solanum Lycopersicum"
"922",13163,NA,NA,NA,2021-09-14,"hydrogel",NA,"Solanum Lycopersicum"
"923",13164,NA,NA,NA,2021-09-14,NA,NA,"Solanum Lycopersicum"
"924",13164,NA,NA,NA,2021-09-14,"hydrogel",NA,"Solanum Lycopersicum"
"925",13309,2,0.191,0.0955,2021-07-13,"groasis","Cristobal","Solanum lycopersicum"
"926",13313,3,0.156,0.052,2021-07-13,"hidrogel","Cristobal","Solanum lycopersicum"
"927",13316,4,0.433,0.10825,2021-07-13,"growboxx","Cristobal","Solanum lycopersicum"
"928",13323,1,0.081,0.081,2021-07-13,"groasis","Cristobal","Solanum lycopersicum"
"929",13324,1,0.107,0.107,2021-07-13,"groasis","Cristobal","Solanum lycopersicum"
"930",13325,1,0.074,0.074,2021-07-13,"control","Cristobal","Solanum lycopersicum"
"931",13326,1,0.057,0.057,2021-07-13,"control","Cristobal","Solanum lycopersicum"
"932",13332,2,0.146,0.073,2021-07-13,"hidrogel","Cristobal","Solanum lycopersicum"
"933",13344,3,0.221,0.0736666666666667,2021-07-13,"control","Cristobal","Solanum lycopersicum"
"934",13347,1,0.152,0.152,2021-07-13,"control","Cristobal","Solanum lycopersicum"
"935",13380,4,0.417,0.10425,2021-07-13,"control","Cristobal","Capsicum annuum"
"936",13381,2,0.154,0.077,2021-07-13,"control","Cristobal","Capsicum annuum"
"937",13382,1,0.121,0.121,2021-07-13,"control","Cristobal","Capsicum annuum"
"938",13383,3,0.35,0.116666666666667,2021-07-13,"control","Cristobal","Capsicum annuum"
"939",13384,2,0.228,0.114,2021-07-13,"control","Cristobal","Solanum lycopersicum"
"940",13387,1,0.082,0.082,2021-07-13,"control","Cristobal","Solanum lycopersicum"
"941",13389,1,0.105,0.105,2021-07-13,"hidrogel","Cristobal","Capsicum annuum"
"942",13390,4,0.377,0.09425,2021-07-13,"hidrogel","Cristobal","Capsicum annuum"
"943",13394,2,0.221,0.1105,2021-07-13,"hidrogel","Cristobal","Capsicum annuum"
"944",13400,1,0.069,0.069,2021-07-13,"growboxx","Cristobal","Capsicum annuum"
"945",13404,3,0.228,0.076,2021-07-13,"hidrogel","Cristobal","Capsicum annuum"
"946",13408,1,0.103,0.103,2021-07-13,"control","Cristobal","Capsicum annuum"
"947",13411,1,0.091,0.091,2021-07-13,"hidrogel","Cristobal","Capsicum annuum"
"948",13413,1,0.108,0.108,2021-07-13,"control","Cristobal","Capsicum annuum"
"949",13417,3,0.255,0.085,2021-07-13,"control","Cristobal","Capsicum annuum"
"950",13522,1,0.092,0.092,2021-07-14,"groasis","Cristobal","Solanum lycopersicum"
"951",13523,1,0.07,0.07,2021-07-14,"groasis","Cristobal","Solanum lycopersicum"
"952",13532,1,0.103,0.103,2021-07-14,"hidrogel","Cristobal","Solanum lycopersicum"
"953",13539,4,0.523,0.13075,2021-07-14,"groasis","Cristobal","Solanum lycopersicum"
"954",13543,2,0.225,0.1125,2021-07-14,"control","Cristobal","Solanum lycopersicum"
"955",13563,15,0.779,0.0519333333333333,2021-07-14,"control","Cristobal","Solanum lycopersicum"
"956",13580,5,0.403,0.0806,2021-07-14,"groasis","Cristobal","Capsicum annuum"
"957",13590,3,0.449,0.149666666666667,2021-07-14,"groasis","Cristobal","Capsicum annuum"
"958",13592,2,0.228,0.114,2021-07-14,"growboxx","Cristobal","Capsicum annuum"
"959",13593,1,0.042,0.042,2021-07-14,"growboxx","Cristobal","Capsicum annuum"
"960",13595,1,0.053,0.053,2021-07-14,"growboxx","Cristobal","Capsicum annuum"
"961",13954,3,0.193,0.0643333333333333,2021-10-01,"growboxx","Floreana","Solanum Lycopersicum"
"962",13955,3,0.119,0.0396666666666667,2021-10-01,"growboxx","Floreana","Solanum Lycopersicum"
"963",13956,3,0.158,0.0526666666666667,2021-10-01,"growboxx","Floreana","Solanum Lycopersicum"
"964",13957,3,0.19,0.0633333333333333,2021-10-01,"growboxx","Floreana","Solanum Lycopersicum"
"965",13958,3,0.134,0.0446666666666667,2021-10-01,"hidrogel","Floreana","Solanum Lycopersicum"
"966",13958,3,0.134,0.0446666666666667,2021-10-01,"hydrogel","Floreana","Solanum Lycopersicum"
"967",13959,3,0.183,0.061,2021-10-01,"hidrogel","Floreana","Solanum Lycopersicum"
"968",13959,3,0.183,0.061,2021-10-01,"hydrogel","Floreana","Solanum Lycopersicum"
"969",13960,3,0.175,0.0583333333333333,2021-10-01,"hidrogel","Floreana","Solanum Lycopersicum"
"970",13960,3,0.175,0.0583333333333333,2021-10-01,"hydrogel","Floreana","Solanum Lycopersicum"
"971",13961,3,0.137,0.0456666666666667,2021-10-01,"hidrogel","Floreana","Solanum Lycopersicum"
"972",13961,3,0.137,0.0456666666666667,2021-10-01,"hydrogel","Floreana","Solanum Lycopersicum"
"973",13962,3,0.158,0.0526666666666667,2021-10-01,"hidrogel","Floreana","Solanum Lycopersicum"
"974",13962,3,0.158,0.0526666666666667,2021-10-01,"control","Floreana","Solanum Lycopersicum"
"975",13963,3,0.187,0.0623333333333333,2021-10-01,"control","Floreana","Solanum Lycopersicum"
"976",13964,3,0.156,0.052,2021-10-01,"control","Floreana","Solanum Lycopersicum"
"977",13965,3,0.258,0.086,2021-10-01,"control","Floreana","Solanum Lycopersicum"
"978",13966,3,0.223,0.0743333333333333,2021-10-01,"groasis","Floreana","Solanum Lycopersicum"
"979",13966,3,0.223,0.0743333333333333,2021-10-01,"waterboxx","Floreana","Solanum Lycopersicum"
"980",13967,3,0.166,0.0553333333333333,2021-10-01,"groasis","Floreana","Solanum Lycopersicum"
"981",13967,3,0.166,0.0553333333333333,2021-10-01,"waterboxx","Floreana","Solanum Lycopersicum"
"982",13968,3,0.195,0.065,2021-10-01,"groasis","Floreana","Solanum Lycopersicum"
"983",13968,3,0.195,0.065,2021-10-01,"waterboxx","Floreana","Solanum Lycopersicum"
"984",13969,3,0.184,0.0613333333333333,2021-10-01,"groasis","Floreana","Solanum Lycopersicum"
"985",13969,3,0.184,0.0613333333333333,2021-10-01,"waterboxx","Floreana","Solanum Lycopersicum"
"986",13970,3,0.219,0.073,2021-10-01,"control","Floreana","Solanum Lycopersicum"
"987",13971,3,0.252,0.084,2021-10-01,"control","Floreana","Solanum Lycopersicum"
"988",13972,2,0.16,0.08,2021-09-14,"control","Floreana","Solanum Lycopersicum"
"989",13976,3,0.344,0.114666666666667,2021-10-01,"groasis","Floreana","Solanum Lycopersicum"
"990",13976,3,0.344,0.114666666666667,2021-10-01,"waterboxx","Floreana","Solanum Lycopersicum"
"991",13977,3,0.177,0.059,2021-10-01,"groasis","Floreana","Solanum Lycopersicum"
"992",13977,3,0.177,0.059,2021-10-01,"waterboxx","Floreana","Solanum Lycopersicum"
"993",13978,3,0.176,0.0586666666666667,2021-10-01,"hidrogel","Floreana","Solanum Lycopersicum"
"994",13978,3,0.176,0.0586666666666667,2021-10-01,"hydrogel","Floreana","Solanum Lycopersicum"
"995",13979,3,0.126,0.042,2021-10-01,"hidrogel","Floreana","Solanum Lycopersicum"
"996",13979,3,0.126,0.042,2021-10-01,"hydrogel","Floreana","Solanum Lycopersicum"
"997",13980,3,0.146,0.0486666666666667,2021-10-01,"hidrogel","Floreana","Solanum Lycopersicum"
"998",13980,3,0.146,0.0486666666666667,2021-10-01,"hydrogel","Floreana","Solanum Lycopersicum"
"999",13981,3,0.223,0.0743333333333333,2021-10-01,"hidrogel","Floreana","Solanum Lycopersicum"
"1000",13981,3,0.223,0.0743333333333333,2021-10-01,"hydrogel","Floreana","Solanum Lycopersicum"
"1001",13982,3,0.167,0.0556666666666667,2021-10-01,"growboxx","Floreana","Solanum Lycopersicum"
"1002",13983,3,0.248,0.0826666666666667,2021-10-01,"growboxx","Floreana","Solanum Lycopersicum"
"1003",13984,3,0.225,0.075,2021-10-01,"growboxx","Floreana","Solanum Lycopersicum"
"1004",13985,3,0.144,0.048,2021-10-01,"growboxx","Floreana","Solanum Lycopersicum"
"1005",13986,3,0.446,0.148666666666667,2021-10-01,"groasis","Floreana","Solanum Lycopersicum"
"1006",13986,3,0.446,0.148666666666667,2021-10-01,"waterboxx","Floreana","Solanum Lycopersicum"
"1007",13987,3,0.378,0.126,2021-10-01,"groasis","Floreana","Solanum Lycopersicum"
"1008",13987,3,0.378,0.126,2021-10-01,"waterboxx","Floreana","Solanum Lycopersicum"
"1009",13989,3,0.318,0.106,2021-10-01,"groasis","Floreana","Solanum Lycopersicum"
"1010",13989,3,0.318,0.106,2021-10-01,"waterboxx","Floreana","Solanum Lycopersicum"
"1011",13990,3,0.24,0.08,2021-10-01,"hidrogel","Floreana","Solanum Lycopersicum"
"1012",13990,3,0.24,0.08,2021-10-01,"hydrogel","Floreana","Solanum Lycopersicum"
"1013",13991,3,0.222,0.074,2021-10-01,"hidrogel","Floreana","Solanum Lycopersicum"
"1014",13991,3,0.222,0.074,2021-10-01,"hydrogel","Floreana","Solanum Lycopersicum"
"1015",13992,3,0.207,0.069,2021-10-01,"hidrogel","Floreana","Solanum Lycopersicum"
"1016",13992,3,0.207,0.069,2021-10-01,"hydrogel","Floreana","Solanum Lycopersicum"
"1017",13993,3,0.255,0.085,2021-10-01,"hidrogel","Floreana","Solanum Lycopersicum"
"1018",13993,3,0.255,0.085,2021-10-01,"hydrogel","Floreana","Solanum Lycopersicum"
"1019",13994,3,0.167,0.0556666666666667,2021-10-01,"growboxx","Floreana","Solanum Lycopersicum"
"1020",13995,3,0.218,0.0726666666666667,2021-10-01,"growboxx","Floreana","Solanum Lycopersicum"
"1021",13996,3,0.174,0.058,2021-10-01,"growboxx","Floreana","Solanum Lycopersicum"
"1022",13997,3,0.188,0.0626666666666667,2021-10-01,"growboxx","Floreana","Solanum Lycopersicum"
"1023",13998,3,0.235,0.0783333333333333,2021-10-01,"control","Floreana","Solanum Lycopersicum"
"1024",13999,3,0.268,0.0893333333333333,2021-10-01,"control","Floreana","Solanum Lycopersicum"
"1025",14000,3,0.219,0.073,2021-10-01,"control","Floreana","Solanum Lycopersicum"
"1026",14001,3,0.238,0.0793333333333333,2021-10-01,"control","Floreana","Solanum Lycopersicum"
"1027",14002,3,0.253,0.0843333333333333,2021-10-01,"control","Floreana","Solanum Lycopersicum"
"1028",14003,3,0.247,0.0823333333333333,2021-10-01,"control","Floreana","Solanum Lycopersicum"
"1029",14004,3,0.316,0.105333333333333,2021-10-01,"control","Floreana","Solanum Lycopersicum"
"1030",14005,3,0.283,0.0943333333333333,2021-10-01,"control","Floreana","Solanum Lycopersicum"
"1031",14006,3,0.225,0.075,2021-10-01,"growboxx","Floreana","Solanum Lycopersicum"
"1032",14007,3,0.231,0.077,2021-10-01,"growboxx","Floreana","Solanum Lycopersicum"
"1033",14008,3,0.303,0.101,2021-10-01,"growboxx","Floreana","Solanum Lycopersicum"
"1034",14009,3,0.246,0.082,2021-10-01,"growboxx","Floreana","Solanum Lycopersicum"
"1035",14010,3,0.176,0.0586666666666667,2021-10-01,"hidrogel","Floreana","Solanum Lycopersicum"
"1036",14010,3,0.176,0.0586666666666667,2021-10-01,"hydrogel","Floreana","Solanum Lycopersicum"
"1037",14012,3,0.247,0.0823333333333333,2021-10-01,"hidrogel","Floreana","Solanum Lycopersicum"
"1038",14012,3,0.247,0.0823333333333333,2021-10-01,"hydrogel","Floreana","Solanum Lycopersicum"
"1039",14013,3,0.271,0.0903333333333333,2021-10-01,"hidrogel","Floreana","Solanum Lycopersicum"
"1040",14013,3,0.271,0.0903333333333333,2021-10-01,"hydrogel","Floreana","Solanum Lycopersicum"
"1041",14014,3,0.218,0.0726666666666667,2021-10-01,"groasis","Floreana","Solanum Lycopersicum"
"1042",14014,3,0.218,0.0726666666666667,2021-10-01,"waterboxx","Floreana","Solanum Lycopersicum"
"1043",14016,2,0.11,0.055,2021-09-14,"groasis","Floreana","Solanum Lycopersicum"
"1044",14016,2,0.11,0.055,2021-09-14,"waterboxx","Floreana","Solanum Lycopersicum"
"1045",14017,3,0.427,0.142333333333333,2021-10-01,"groasis","Floreana","Solanum Lycopersicum"
"1046",14017,3,0.427,0.142333333333333,2021-10-01,"waterboxx","Floreana","Solanum Lycopersicum"
